file,base_word_edits,ft_word_edits,reference_words,base_char_edits,ft_char_edits,reference_characters
20210625--YUlPy8W5gtM--Should You Check Your Sperm？ ｜ The Daily Ketchup Podcast.TextGrid,1306,1086,4718,3794,3134,18496
20210628--Mj0d7ABot7c--Is Incest Wrong？？ ｜ The Daily Ketchup Podcast.TextGrid,1169,885,4368,3577,2700,17986
20210701--OBrczMfJGWM--Can Dreams Really Predict The Future？ ｜ The Daily Ketchup Podcast.TextGrid,1199,948,5080,3579,2854,20608
20210705--MpWm6UuAHIU--Is It Wrong To Pursue Money Over Passion？ ｜ The Daily Ketchup Podcast.TextGrid,1189,959,6320,3541,2899,24899
20210708--4d2f99Jjrok--Is Divorce The Easy Way Out？ ｜ The Daily Ketchup Podcast.TextGrid,1164,823,5218,3545,2529,21770
"20210713--LNNCTmru0ds--NDP Song Review, Conor Breaks A Leg and Billionaires Race To Space ｜ The Daily Ketchup  Podcast.TextGrid",1301,1058,4316,3885,3133,17553
20210715--lz-NxidN21Q--Is ITE Really Worse than Poly and JC？ ｜ The Daily Ketchup Podcast.TextGrid,1873,1484,6378,5396,4233,25508
20210717--vpIRN4n9A5k--What If Your Partner Was Caught At The KTV？ ｜ The Daily Ketchup Podcast.TextGrid,1670,1340,5302,4901,4011,20847
20210720--AquZjbGm-8o--Is A 4-Day Work Week Possible In Singapore？？ ｜ The Daily Ketchup Podcast.TextGrid,1309,1035,5531,3728,2957,22217
20210722--fVOcX9Gkj_s--Making Sense Of The River Valley High School Incident？ ｜ The Daily Ketchup Podcast.TextGrid,1070,774,5750,3054,2267,23958
20210727--_-j6ydGOlKE--Can Astrology Help You Find Your Perfect Match？ (The Pattern) ｜ The Daily Ketchup Podcast.TextGrid,1438,1127,5241,4298,3411,21348
20210802--4eA32yR2tq8--How To Spot A Dirty Massage (PART 2： Strip Clubs) ｜ The Daily Ketchup Podcast.TextGrid,1413,1211,4413,4282,3739,17351
20210805--RRTFmsUfIBA--Does This Scientifically Proven Pick Up Line Work？ ｜ The Daily Ketchup Podcast.TextGrid,1824,1495,5743,5505,4505,22865
20210809--7g2SNi2jUP8--Do Singaporeans Still Care About National Day？ ｜ The Daily Ketchup Podcast.TextGrid,1338,1029,4572,4139,3117,18650
20210812--NRcxfw_iVTc--Is Your Workplace Toxic？ ｜ The Daily Ketchup Podcast.TextGrid,986,743,5592,2869,2204,23037
20210816--F_O_Fr45zVs--Anti-Vaxxers And Cancel Culture ｜ The Daily Ketchup Podcast.TextGrid,931,718,5305,2882,2202,22292
20210819--ruFKmK1XXwE--Do You Believe In Ghosts？ ｜ The Daily Ketchup Podcast.TextGrid,1487,1225,5657,4428,3739,22629
20210823--B756JYrsqiM--Becoming A Millionaire By Saving $11 A Day？! ｜ The Daily Ketchup Podcast.TextGrid,1196,936,4748,3816,2844,18933
20210826--suSXjus8kmE--Things You Should Never Say To Your Partner ｜ The Daily Ketchup Podcast.TextGrid,1710,1403,5604,5171,4259,22576
20210830--o62JLHFN0f4--Dee Kosh Charged For Sexual Exploits ｜ The Daily Ketchup Podcast.TextGrid,865,681,3831,2669,2032,15418
20210902--pJiIkPyox54--Being A Gentleman Is Now Sexist？ ｜ The Daily Ketchup Podcast.TextGrid,1317,1038,5369,3788,3062,21113
20210908--1jKlAr2sazE--Should Abortions Be Illegal In Singapore？ Ft. A Priest ｜ The Daily Ketchup Podcast.TextGrid,1079,776,5155,3217,2286,21000
20210911--oL9wj_VRhj4--Is It A Sin To Crush On A Priest？ ｜ The Daily Ketchup Podcast.TextGrid,1314,1011,4584,4053,3094,18274
20210913--EfJiDDthNoA--Do We Really Need Asian Superheroes？ ｜ The Daily Ketchup Podcast.TextGrid,1613,1385,5511,4875,4145,22381
20210916--tscxF7lBJAA--Must You Have Sex On A Staycation？ ｜ The Daily Ketchup Podcast.TextGrid,1465,1185,4512,4444,3562,17698
20210920--9ClVH9uvLHQ--Is It Uncool To Support The SG Govt？ ｜ The Daily Ketchup Podcast.TextGrid,1012,716,5121,2953,2136,21601
20210923--_idcCjztni8--Is Singapore Exploiting Domestic Helpers？ ｜ The Daily Ketchup Podcast.TextGrid,1346,990,6379,4186,3029,25874
20210927--Yb4Snzd6-ho--Is COVID-19 Getting Out Of Control In Singapore？ ｜ The Daily Ketchup Podcast.TextGrid,1240,976,5556,3709,2892,23073
20210930--sKiA-eCvtfE--Do You Feel Underpaid？ ｜ The Daily Ketchup Podcast.TextGrid,1162,919,5253,3506,2769,21254
20211004--BwZz6K5ZM48--Can the 2.4km Champ Outrun His Lawsuit？ (Ft. Soh Rui Yong & Vanessa Lee).TextGrid,1908,1472,6643,5901,4612,27264
20211007--3Y24LCguF5Q--Should Parents Stop Complaining About PSLE？ ｜ The Daily Ketchup Podcast.TextGrid,2385,1882,7678,7398,5789,31063
20211011--MOcgkSipyD8--What Happened To “Herd Immunity”？ ｜ The Daily Ketchup Podcast.TextGrid,973,640,3941,3217,2012,16523
20211014--JwjYlY0ciS8--The Worst Singaporean Wedding Guests ｜ The Daily Ketchup Podcast.TextGrid,1790,1435,6674,5182,4167,26447
20211018--QCyPzPzDRDQ--The NOC Saga ｜ The Daily Ketchup Podcast.TextGrid,1468,1058,8343,4316,3149,34067
20211021--vwN_aL7H3T8--In A Relationship： Is My Money OUR Money？! ｜ The Daily Ketchup Podcast.TextGrid,1259,921,5639,3745,2855,22753
20211025--XPfTPj7N-7k--Vaccinated Travel Lanes Are Open! (Ft. The Woke Salaryman) ｜ The Daily Ketchup Podcast.TextGrid,1309,946,5186,3919,2807,20908
20211028--YVSQNLEWiNg--Should You Give Your Parents Money？ ｜ The Daily Ketchup Podcast.TextGrid,1767,1244,6799,5437,3739,27491
20211030--RiO0FnRyQYM--What Xiaxue's Interview REALLY REVEALED About The NOC Saga ｜ The Daily Ketchup Podcast.TextGrid,1738,1340,10241,4956,3860,41884
20211101--b40z09Rwf98--Is Crypto Just A Trend？ (ft. ChainDebrief) ｜ The Daily Ketchup Podcast.TextGrid,2367,1857,10609,6999,5665,44692
20211103--KREX3K3pC7k--Should the DEATH PENALTY be ABOLISHED？ ｜ The Daily Ketchup Podcast.TextGrid,2036,1556,8051,6416,4780,33449
20211111--5vOKtLfQyEw--Can You Truly Be Single And Happy？ ｜ The Daily Ketchup Podcast.TextGrid,2421,1925,9358,7300,5823,37745
20211115--pB3MH6sO4aA--Malaysian Man Gets Death Sentence In Singapore For Drug Trafficking (Ft. TheTherapyRoomSG).TextGrid,1323,942,7514,3974,2858,31829
20211118--r0KCLyKb1Zs--How To Spot Sexual Harassment At Work ｜ The Daily Ketchup Podcast.TextGrid,1129,886,5355,3425,2643,21852
20211122--H8r7qQJcxxw--Let's Talk About Mental Health (With A Psychologist) ｜ The Daily Ketchup Podcast.TextGrid,1567,1215,7980,4759,3705,33534
20211125--kQnUDyLHufw--How Will The Metaverse Change Our World？ ｜ The Daily Ketchup Podcast.TextGrid,1825,1483,9123,5658,4465,37866
20211129--WoPRh2oJY4o--Is Everyone Working Too Hard？ ｜ The Daily Ketchup Podcast.TextGrid,1412,1017,6544,4227,3029,27058
20211202--ZSSJDwickFo--NUSWhispers ： BF Likes To Sniff GF's Underwear During Sex？ ｜ The Daily Ketchup Podcast.TextGrid,2059,1653,6582,6290,5124,25961
20211207--atTFLq2Ptv4--Would You Send Your GF To A Blowjob Workshop？ (Ft. Dr. Martha Lee)｜ The Daily Ketchup Podcast.TextGrid,1868,1275,7200,5800,4024,29484
20211209--j-Rwr-oLpqE--Fake Medium Tricks Minors Into Sending Nudes. (Ft. Venerable Shi You Wei) ｜ TDK #50.TextGrid,1434,1101,4769,4442,3463,19917
20211213--6Qcb2wMnNb8--Sexologist Debunks No Nut November ｜ TDK #51.TextGrid,1869,1447,7518,5720,4461,30894
20211216--H2lyrZQjTmo--Asking a Real Monk Difficult Questions (Ft. Venerable Shi You Wei) ｜ TDK #52.TextGrid,2552,1960,7423,7899,5997,30434
"20211220--pcweCbyUwWo--How A 23 Year Old Made $100,000 in Passive Income in 2 Months ｜ TDK #53.TextGrid",1907,1426,6463,5850,4419,26378
20211222--9DyjEbCfCcw--Is Singapore's Army Getting Soft？ ｜ The Daily Ketchup #54.TextGrid,2604,2083,8436,7486,6036,33417
20211227--663A4d_5fq0--Is Your Boss Responsible For Your Mental Health？ ｜ TDK #55.TextGrid,1619,1247,8392,4884,3797,34490
20211229--WDMY6bM1vc0--Top 10 Singapore Stories Of 2021 ｜ TDK #56.TextGrid,1815,1442,5945,5397,4254,24139
20211231--H9NkFghpcik--Top 10 Singapore Stories Of 2021 (PART 2) ｜ TDK #57.TextGrid,1710,1291,6966,5047,3843,28953
20220103--Lm-XBheRrTM--Is Work Life Balance Possible In Singapore？  ｜ TDK #58.TextGrid,1436,1124,7517,4397,3337,30737
20220106--0_8DYB06rQQ--Our New Year Resolutions For 2022 ｜ TDK #59.TextGrid,2196,1599,8081,6710,4846,32130
20220110--I3KDSj4iUUs--Is Being Poor Your Fault？  ｜ TDK #60.TextGrid,1273,974,6074,4072,3090,25790
20220113--Z2f54rzgWF8--Why is HIV Still Taboo In Singapore？ ｜ TDK #61.TextGrid,1888,1196,9618,5619,3683,40358
20220117--TmRXZPQTNy0--How We Closed The Ozone Hole？! ｜ TDK #62.TextGrid,1801,1427,7254,5625,4470,30627
20220120--oOf7zR3N6P8--What Titus Low’s Arrest Exposes About OnlyFans ｜ TDK #63.TextGrid,1404,1056,5777,4315,3322,23704
20220124--jkBxxSRpWM4--Why Do People Like Trashy Dating Shows？ (Single’s Inferno Review) ｜ TDK #64.TextGrid,1492,1212,6373,4533,3761,26167
20220128--JfXuMFiVyMI--Is Jacelyn Tay Setting Her Son Up To Get Bullied？ ｜ TDK #65.TextGrid,1802,1407,7483,5350,4288,30161
20220131--Yg4qfRP11Bw--Do We Prefer Chinese New Year With Covid Restrictions？ ｜ TDK #66.TextGrid,2488,1981,9277,7404,6005,36998
20220203--t29aYmi4REc--Why Are Singaporean Men So Creepy？ ｜ TDK Podcast #67.TextGrid,1483,1237,6005,4471,3844,23888
20220207--lzs3Rf_wK30--What Women REALLY Want On V'Day (Staycation Giveaway) ｜ TDK #68.TextGrid,1821,1375,6223,5392,4126,24659
20220210--aOO0XR4Oc5c--What Really Happened On Set？ (Ah Girls Go Army) ｜ TDK #69.TextGrid,1808,1415,6742,5237,4213,27260
20220214--F6wV6eB4uCo--Are Naomi Neo’s Parents Wrong For Hiding Her Adoption From Her？ ｜ TDK #70.TextGrid,1346,1064,6202,4189,3277,25036
20220217--uozlFHgWD5Q--Quit Your Job If You're Unhappy？ ｜ TDK #71.TextGrid,1799,1440,8403,5454,4401,34209
20220221--V1M082Bhyb0--The Life Of Singaporean Superstar Celebrity Kurt Tay ｜ TDK #72.TextGrid,1774,1405,6135,5423,4187,24880
20220224--V_F9ZGi51Iw--Xiao Ming Reveals SGAG Secrets (Is #sedia Real？) ｜ TDK Podcast #73.TextGrid,2234,1692,7535,6601,5157,30366
20220228--sMPBqUy1lzo--Can Muslim Men In Singapore Have 4 Wives？ ｜ TDK Podcast #74.TextGrid,2164,1637,7363,6248,4926,29857
20220304--MvO7lR36lcQ--Ukraine vs Russia - Would You Die For Your Country ｜ TDK Podcast #75.TextGrid,1928,1377,9213,5860,4100,38971
20220307--eUuJLvmwdl4--Are Islamic Practices Outdated？ ｜ TDK Podcast #76.TextGrid,1416,1047,5825,4175,3238,24324
20220310--iqBzl4FDL5c--Doctors Falsifying Vaccination Certs For Anti-vaxxers？ ｜ TDK Podcast #77.TextGrid,1603,1221,7627,4827,3670,31731
20220314--wvuBAlS4hV4--Life After The NOC Saga ft. Aiken Chia ｜ TDK Podcast #78.TextGrid,1272,977,6600,3736,2941,25978
20220317---C1rOsV675k--What’s Wrong With Being Flat-Chested？ Ft. Aiken Chia ｜ TDK Podcast #79.TextGrid,1743,1374,6694,5280,4258,27460
20220321--6EkLa1CLtFQ--32 Year Old Singaporean Woman Assaulted in Tuas ｜ TDK Podcast #80.TextGrid,2536,1941,9458,7488,5862,37621
20220324--UXlJHnRTR2c--Do Our School Rules Make Sense？ ｜ TDK Podcast #81.TextGrid,2361,1879,9595,7028,5670,38621
20220328--frf5yeRR7eg--Will Moving Out Improve My Relationship With My Parents？ ｜ TDK Podcast #82.TextGrid,1923,1528,7626,5711,4530,30127
20220331--FAH3-vKSU7A--Will Smith's Slap Shows Us Why Open Relationships Don't Work ｜ TDK Podcast #83.TextGrid,2599,1946,10477,8044,5970,41886
20220404--iaSVrbdXm50--Man Taunts Police To Shoot Him Over A Watch ｜ TDK Podcast #84.TextGrid,1265,1011,4547,3925,3111,18645
20220407--mk8yChT0vN4--Expensive Car = Grandfather Road？ ｜ TDK Podcast #85.TextGrid,1372,1154,4511,4087,3453,17716
20220411--I5qzw_RpPDE--What’s The Difference Between Taoism and Buddhism？ ｜ TDK #86.TextGrid,3444,2620,9199,10686,8130,38491
20220414--abrz3g19zPE--How Stressful Is It To Be the Poorest In Your Friend Group？ ft. Annette Lee？ ｜ TDK Podcast #87.TextGrid,2330,1696,8802,6863,5220,35510
20220419--AGJB3Ki_vsc--Why Are You Still Single At 30 Years Old？ ｜ TDK Podcast # 88.TextGrid,2470,1935,8974,7539,6031,37072
20220421--sByG0cpdGGA--Beach Road Slashing in Singapore： Has Society Gone To Shit？ ｜ TDK Podcast #89.TextGrid,1861,1463,8740,5683,4565,35286
20220425--llECU3Ipl9k--Is This Singapore's New Prime Minister？ ｜ TDK Podcast #90.TextGrid,1830,1482,8236,5325,4331,33624
20220428--JIVxRueX5_A--Singaporean Man Gets Cancelled For Breaking Into Worship Songs On A Plane ｜ TDK Podcast #91.TextGrid,1424,1051,7394,4252,3165,30560
20220502--I1FeF7JPImE--Singaporean Men Should Stop Doing This In Clubs ｜ TDK Podcast #92.TextGrid,3283,2605,11226,10072,7927,44342
"20220505--9iewG_qkcsk--Are Singaporeans Stingy, Calculative And Inconsiderate？ ｜ TDK Podcast #93.TextGrid",2454,1999,9061,7387,6035,36122
20220509--ZnPDxozBgAU--Boyfriend Disgusted By Girlfriends Behaviour ｜ TDK Podcast #94.TextGrid,2581,2046,9266,7735,6180,37388
20220512--esuM9dbJVgg--Why You Should Date A Singaporean ｜ TDK Podcast #95.TextGrid,2132,1772,7212,6606,5566,28835
20220519--2CnB7z4VkO0--How To Cope With Losing Your Life Savings ｜ TDK Podcast #96.TextGrid,1602,1128,8109,4881,3284,33350
20220523--5D2ZvQN3Diw--I Never Realised That I Was A Boy (Ft. Kelly Kimberly) ｜ TDK Podcast #97.TextGrid,2332,1778,7801,7144,5455,32338
20220526--OIXEEzVGtR0--BEFORE And AFTER Starting Hormone Therapy (Ft. Kelly Kimberly) ｜ TDK Podcast #98.TextGrid,1889,1484,5281,5738,4680,21096
20220530--hMibGOMzQ38--How Much Salary You Need To Live In Singapore ｜ TDK Podcast #99.TextGrid,1511,1059,7324,4683,3248,31373
20220602--Y-VKMsaMW8g--Sexually Harassed By TeleHitch Driver？ ｜ TDK Podcast #100.TextGrid,2737,2201,8616,8503,6695,33932
20220603--7NSwkIe2Sew--The Johnny Depp VS Amber Heard Trial ｜ TDK Podcast #101.TextGrid,1664,1405,7882,5163,4433,33017
20220606--TJhVumQ03Mg--Should You Talk About Sex On The First Date？ ｜ TDK Podcast #102.TextGrid,2787,2249,9040,8559,7007,36784
20220609--6zjXoIALoWY--Malaysian Influencer Gets Backlash For Revealing The ＂Secrets＂ To Her Success ｜ TDK Podcast #103.TextGrid,2555,2008,7926,7849,6258,32163
20220613--9mONEkuGCo8--No More Chicken In Singapore Thanks To Malaysia？! ｜ TDK Podcast #104.TextGrid,1608,1227,5611,5074,3792,23362
20220614--SDQIIPL-Z6o--Are These Funeral Decorations Too Much？ ｜ The Hot Source Podcast #1.TextGrid,591,428,2025,1824,1238,8107
20220615--7BehezJ8ot4--Sexy M'sian Girls Cut Your Hair For 1 Ringgit ｜ The Hot Source Podcast #2.TextGrid,537,441,1692,1689,1393,6834
20220616--POwJ0U5VXAo--Do You Also Have Daddy Issues？ ｜ TDK Podcast #105.TextGrid,1951,1561,8093,5854,4636,32670
20220617--UmJGMlCYh0g--TikTok Challenges Are Killing Children ｜ The Hot Source Podcast #3.TextGrid,559,465,2128,1702,1405,8779
20220619--XrxCgHXWnxU--Singaporeans Are Stuck In SG For The Dumbest Reason  ｜ The Hot Source Podcast #4.TextGrid,567,459,2040,1727,1399,8487
20220620--xkxxxPxWcYQ--Disney Employee Ruins Proposal ｜ TDK Podcast #106.TextGrid,1857,1500,7038,5619,4535,28486
20220621--hWIW8WwLQGE--Tiktoker Pays $100 For Tissue Paper？! ｜ The Hot Source Podcast #5.TextGrid,519,434,2183,1547,1304,8664
20220622--L7EiBSjtk3o--Woman Beaten Up After Rejecting Advances From Man ｜ The Hot Source Podcast #6.TextGrid,613,500,2471,1795,1482,9853
20220623--ET_ZnrCQYhA--Why We Won't Be Watching Squid Game Season 2 ｜ TDK Podcast #107.TextGrid,2131,1713,7601,6711,5313,31080
20220624--QYekMXfLe_g--How Much Do Singaporeans Exercise On Average？ ｜ The Hot Source Podcast #7.TextGrid,819,703,2644,2566,2154,10735
20220625--iRz1p5UokNU--Cyclists Should Be Banned From Our Roads ｜ The Hot Source Podcast #8.TextGrid,691,624,2224,1934,1825,8766
20220627--CF11pgH8XA4--Are Parents To Blame For Naughty Children？ ｜ TDK Podcast #108.TextGrid,1629,1267,6379,4968,3975,26114
20220628--aEAnnekTJE0--Famous Hotel Apologises For Rejecting Gay Wedding ｜ The Hot Source Podcast #9.TextGrid,648,490,3053,1941,1478,12762
20220630--n7pKe28BJmM--Should You Marry Someone You've Dated For A Month？ ｜ TDK Podcast #109.TextGrid,1484,1220,6079,4449,3639,24306
20220702--aGxR-NdlmtM--Social Media Ban ： Is Singapore Becoming China？ ｜ TDK Podcast #110.TextGrid,744,562,3832,2256,1632,16552
20220704--qetQc2DBFNc--Why Can't I Make New Friends？ ｜ TDK Podcast #111.TextGrid,1589,1207,7507,4820,3651,30428
20220707--5EjpI9Ab23I--Why Did McDonald's Do This？! ｜ TDK Podcast #112.TextGrid,1634,1351,4111,5149,4142,16978
20220712--tyeVnLfs1Xo--Should Humans Advance For The Sake Of Advancement？ ｜ TDK Podcast #113.TextGrid,2377,1870,7993,7383,5829,33220
20220714--qClOBy0CvmA--Is There A Best Way To Break Up？ ｜ TDK Podcast #114.TextGrid,1508,1245,7036,4425,3705,28706
20220718--D-nXvUzhjNU--What To Do When You're Harassed In Public？ ｜ TDK Podcast #115.TextGrid,1495,1272,6351,4176,3596,25018
20220721--6vxR5TyZtJ0--Should Jeff Ng's Personal Life Affect His Career？ ｜ TDK Podcast #116.TextGrid,2077,1628,9580,5973,4772,38835
20220725--YgtVfYEEVRs--The Rachel Wong Drama Unpacked ｜ TDK Podcast #117.TextGrid,1491,1226,6761,4466,3567,27815
20220728--6Gp5lzeuOEk--Should You Stay In A Job You Hate？ ｜ TDK Podcast #118.TextGrid,1500,1117,8309,4449,3399,33762
20220801--AlXpvy_r1q4--Do Women Really Know What Men Want？ ｜ TDK Podcast #119.TextGrid,1699,1388,7534,5126,4173,30104
20220804--cYmJMYfWOdo--Should You Date Your Colleague？ ｜ TDK Podcast #120.TextGrid,2490,2062,9335,7594,6345,37313
20220808--CIGPzI_Y1-w--How Much Does it SUCK to Live in Singapore？  ｜ TDK Podcast #121.TextGrid,2580,2106,10067,7821,6541,41634
20220812--FM7QliCxV4s--SEXY AF Chai Chee Marketing Campaign goes VIRAL ｜ TDK Podcast #122.TextGrid,2076,1664,8569,5873,4889,34104
20220815--1CMYMgjfht8--Father Beats Boy To Death For Leaking Daughters Nudes ｜ TDK Podcast #123.TextGrid,1139,923,5989,3291,2828,23989
20220818--jU3ih5q8FRg--What Do Singaporean Women Want In A Partner？ ｜ TDK Podcast #124.TextGrid,1853,1483,8270,5716,4519,33158
20220822--P3VMZ8SAwio--Why We Can’t Have Real Conversations Anymore ｜ TDK Podcast #125.TextGrid,1451,1185,7667,4360,3686,32569
20220825--Ku-kAGt5cyU--Why Women Can't Find The ＂Right Guy＂ ｜ TDK Podcast #126.TextGrid,1645,1367,7777,4887,4003,31098
20220829--jFjrxjs7p2I--Is Repealing 377A Two Steps Back For Singapore？ ｜ TDK Podcast #127.TextGrid,1511,1131,7978,4761,3526,33595
20220901--k__tCCBa0EM--Does It Suck To Be An Adult？ ｜ TDK Podcast #128.TextGrid,1447,1172,7331,4264,3478,29539
20220905--lX19R7VBm1A--Why Society Needs An ＂Andrew Tate＂ ｜ TDK Podcast #129.TextGrid,1262,941,5648,3825,2920,22791
20220908--72qaTkKzHK0--What Does A Minister Really Do？ Ft. Minister Chan Chun Sing ｜ TDK Podcast #130.TextGrid,2262,1599,6716,6694,4831,27050
20220910--TCQrzxunfLQ--Is Joseph Schooling’s LAPSe Of Judgement Any Of Our (Canna)business？ ｜ TDK Podcast #131.TextGrid,1545,1125,6718,4723,3346,28003
20220912--MOiriqif5gQ--Are Ministers With Mental Health Problems Weak？ ｜ TDK Podcast #132.TextGrid,1143,854,6792,3424,2648,28372
20220915--K1X3ujUUTX8--I Slept With My Girlfriend's Mom ｜ TDK Podcast #133.TextGrid,1977,1604,6507,6008,4817,26180
20220919--24ATOrf4fps--Are Electricity Bills in Singapore Too Expensive？ ｜ TDK Podcast #134.TextGrid,2082,1463,7813,6441,4547,33302
20220922--zZDa1tei60w--Does The Death Penalty Still Work in Singapore？ Ft. Minister K. Shanmugam ｜ TDK Podcast #135.TextGrid,1172,850,7912,3388,2396,33600
20220926--rA1MlDcoFNA--Ryan Tan A Year After The NOC Saga ｜ TDK Podcast #136.TextGrid,2312,1803,7273,7121,5557,29265
20220929--J1erYtQZm6w--Quiet Quitters Are The Worst Type of Employees in 2022 ｜ TDK Podcast #137.TextGrid,1158,891,5769,3409,2663,24029
20221003--YnFluuA_gwk--What does Tammy Tay REALLY post on OnlyFans？ ｜ TDK Podcast #138.TextGrid,3132,2431,10143,9302,7392,40227
20221006--LpA9vnxAWcY--Is Charity REALLY About Helping Others？ ｜ TDK Podcast #139.TextGrid,2068,1647,8692,6250,5066,35102
20221008--ylL9JuzZ1uM--Beginner's Guide for Freelancing in Singapore ｜ TDK Podcast #140.TextGrid,1754,1299,9567,5168,3897,38311
20221010--yIhL5iEctN0--Ryan’s Wildest Dating Stories ｜ TDK Podcast #141.TextGrid,1893,1508,5772,5678,4612,22843
20221013--pDZM71czoN0--65 Year Old Singaporean Says Life is Meaningless ｜ TDK Podcast # 142.TextGrid,1416,1084,7893,4231,3224,31874
20221017--XA0JMomqtqA--Are You A Horrible Child？？ ｜ TDK Podcast #143.TextGrid,958,732,4984,2877,2139,20179
20221022--PLZJDyA3TpE--We met the best teacher ever! ｜ TDK Podcast #144.TextGrid,2119,1638,8927,6459,4929,38336
"20221024--3RBJn5O1-TM--Why Do Men Cheat？ (Try Guys, Adam Levine) ｜ TDK Podcast #144.TextGrid",1568,1191,6399,4712,3573,25883
20221027--CD3HcUDCfr8--Singapore X Malaysia Onlyfans Scandal (Titus Low and Ms Puiyi) ｜ TDK Podcast #145.TextGrid,2018,1668,9625,5970,5019,39127
20221029--1_pLHLLh9X8--Sharing Our Scariest Ghost Encounters ｜ TDK Podcast #146.TextGrid,1919,1518,7311,5759,4569,29566
20221031--SXoxTcsy5LM--Would You Glue Yourself To A Wall For Something You Believe in？ ｜ TDK Podcast #147.TextGrid,1250,980,7729,3735,2920,32267
20221103--w7YRLoGNBsE--Going Viral At 13 For Losing Her Virginity？! (Ft. Naomi Neo) ｜ TDK Podcast #148.TextGrid,1680,1284,10220,4945,3731,40493
20221104--Ho-z0HrFFq8--the one where we eat pigs' brains for the first time (ft. naomi neo) ｜ the besties vlog ep.1.TextGrid,767,708,1841,2261,2207,7234
20221105--GTupc_uBYcg--Making Sense Of The Itaewon Tragedy ｜ TDK Podcast #149.TextGrid,1353,1003,7764,4043,3088,32245
20221107--R1GGN_k1e_w--The REAL Takeaway From The Kanye Drama ｜ TDK Podcast # 150.TextGrid,1115,815,7964,3338,2421,33520
20221110--yVt6SdPfmd0--We Accuse Naomi Of Child Abuse (Ft. Naomi Neo) ｜ TDK Podcast #151.TextGrid,1013,815,5844,3004,2391,23336
20221111--1qAlyPgS9Mo--The one where annette reveals her baby's name (ft. annette lee) ｜ the besties vlog ep.2.TextGrid,502,443,1753,1448,1311,6956
20221114--6dAnySdsUfc--All Men Lie About This To Their Partners ｜ TDK Podcast #152.TextGrid,1940,1542,7418,5592,4508,29035
20221117--ceYe1Hi3pJc--Your Mother Never Teach You Manners Ah？ ｜ TDK Podcast #153.TextGrid,1359,1139,6668,3852,3387,26624
20221119--J-E67ki2B2w--Penis Secrets Girls Don't Know About...Yet ｜ TDK Podcast #154.TextGrid,2980,2462,9142,9214,7634,35949
20221121--a2oUe0gp-SI--Cheating BF EXPOSED On Couple's Trip？! ｜ TDK Podcast #155.TextGrid,3044,2484,12453,9020,7509,49057
20221124--tOP3MCLe_VA--Is It REALLY That Difficult To Be Successful In Singapore？ ｜ TDK Podcast #156.TextGrid,2186,1684,12589,6768,5219,52746
"20221128--xoqij-DXDhw--You're Not Alpha, You're Just A B＊tch (Ft. Jade Rasif) ｜ TDK Podcast #157.TextGrid",1719,1422,9056,5184,4375,36683
20221201--JAFZfljvTII--Should People Who Fall For Messaging Scams Be Ashamed of Themselves？ ｜ TDK Podcast #158.TextGrid,1309,1023,7137,3869,3039,29238
20221203--ONXJ2JcnHbI--the one where ryan teaches us how to vlog (ft. ryan tan) ｜ the besties vlog ep.3.TextGrid,444,402,1503,1328,1147,5975
20221206--iFCOdIMbWtc--ONLY 4 Weeks Jail For Falsely Accusing Police of Rape？？ ｜ TDK Podcast #159.TextGrid,1355,1134,7497,4007,3397,30733
20221208--oVpWihPKpIA--What The Heck is Going on With Housing Prices in Singapore？？ ｜ TDK Podcast #160.TextGrid,1712,1294,6769,5372,4091,27431
20221212--VJrzo2okMtQ--Dr Chee Soon Juan Almost Joined PAP？! (ft. Dr. Chee Soon Juan & Jade Rasif) ｜ TDK Podcast #161.TextGrid,2040,1487,9097,5773,4528,36667
20221215--fVHiAMTVvV4--There’s a “Plan B” Pill That Prevents HIV Infection？？ ｜ TDK Podcast #162.TextGrid,2055,1597,10913,6046,4802,45746
20221216--C4FmjwyfEts--Denise tries boxing for the first time! ｜ the besties vlog ep. 4.TextGrid,397,347,1180,1217,1050,4428
"20221219--kbFkkEdjU2Y--I've Never Used a Public Toilet, This is Why. ｜ TDK Podcast #163.TextGrid",1514,1233,5383,4597,3734,21711
20221222--SzJ--vmuWIQ--The REALITY of Being a Doctor in Singapore ｜ TDK Podcast #164.TextGrid,1341,1058,5716,3975,3245,24362
20221226--mAHvE5eDsM0--Chee Soon Juan’s Guide To Surviving Jail (Ft. Jade Rasif) ｜ TDK Podcast #165.TextGrid,2104,1485,9255,6113,4311,37283
"20221229--1juvjlEcVTs--Cat Killer, World Cup, FTX, Msia Elections and ... YEAR END GIVEAWAY ｜ TDK Podcast #166.TextGrid",3060,2496,11967,9290,7629,48824
20221231--dDdyku3mS58--The END of 2022 and... TDK？!？!？!？! ｜ TDK Podcast #167.TextGrid,2178,1719,8800,6368,5166,34671
20230105--QQPkPJ4TgBs--How Drugs Made Me Tiktok Famous ft. Simonboy ｜ TDK Podcast #168.TextGrid,2506,2051,9729,7633,6404,38799
20230109--bN8ZDPJGURg--Is Xiaxue Just An ATTENTION SEEKER？! ft. Xiaxue ｜ TDK Podcast #169.TextGrid,2405,1939,10141,7159,5815,39997
20230112--mx-LtJuRtHs--What You Should Do If You Don’t Want To Waste Your Life Ft. Xiaxue ｜ TDK Podcast #170.TextGrid,1124,906,5448,3467,2804,21991
20230114--oWVe9YDMJyM--Taste testing flavoured condoms？! (ft. Simonboy) ｜ the besties vlog ep. 5.TextGrid,580,501,1783,1709,1455,6991
20230116--TfAWgzXysj4--This Man Has The TRASHIEST Job In SG ｜ TDK Podcast #171.TextGrid,1151,912,5546,3367,2731,23007
20230119--S6X01dgZXXI--Dealing with the Death of a Loved One ｜ TDK Podcast #172.TextGrid,1159,826,6875,3348,2434,27490
20230121--jycJk-Vzdws--Our EPIC Bali Trip ｜ the besties vlog ep. 6.TextGrid,419,340,843,1329,1080,3377
20230123--VQarinNDk0M--Jamus Lim Warms Our Cockles! ｜ TDK Podcast #173.TextGrid,876,607,6161,2506,1728,25722
20230126--I-5iI2hw8Q0--Singaporeans Are Too ENTITLED! ｜ TDK Podcast #174.TextGrid,1885,1364,7078,5681,4100,28209
20230130--tD7ox8eAZ-c--Have You Accidentally CHEATED？ ｜ TDK Podcast #175.TextGrid,1696,1286,6868,5073,3918,27620
20230203--uPSU86UYZ-g--ILLEGAL Influencer Drama and Pole-Dancing？! ｜ TDK Podcast #176.TextGrid,1482,1211,6315,4238,3468,25367
20230206--tJgG0K12LUk--Singaporeans Aren’t Having SEX？ ｜ TDK Podcast #177.TextGrid,2159,1749,6394,6766,5591,25426
20230209--TIAyHD4PQRc--How Is Singapore’s Budget REALLY Planned？ ft. Minister of State Alvin Tan ｜ TDK Podcast #178.TextGrid,882,601,5098,2612,1746,21370
20230213--SRU9Hqcbib8--The MOST SADDEST Valentine’s Day Episode Ever？! ｜ TDK Podcast #179.TextGrid,1163,859,6619,3387,2563,26680
20230216--izZy_GNaR64--Surviving a Wild Boar ATTACK While Camping on Pulau Ubin! ｜ the besties vlog ep.7.TextGrid,889,819,2113,2885,2675,8475
20230220--fJO1E79HDLw--Are NUS Fresh Grads Getting Too GREEDY？! ｜ TDK Podcast #180.TextGrid,998,711,5706,2907,2059,23285
20230223--fyjxwYs88Zg--YP Love Stories are WIIILD! ｜ TDK Podcast #181.TextGrid,1311,1089,5504,3728,3135,21802
20230225--q4X_o5A_ygc--What Is The Government Doing About HDB PRICES？？! Ft Minister Indranee Rajah ｜ TDK Podcast #182.TextGrid,1206,829,7599,3388,2279,31942
20230227--3W85ouO3Jus--Should I Break Up With My Partner Because She's Depressed？ ｜ TDK Podcast #183.TextGrid,1011,766,6346,2855,2273,25925
20230302--K6RRppp0-Sk--Does Racial Harmony REALLY Exist in Singapore？ ft. SMS Dr Janil Puthucheary ｜ TDK Podcast #184.TextGrid,836,545,7888,2271,1530,33319
20230305--Dsl9tGTiVcg--Abby Choi： 28-Year-Old Model Dismembered by Ex-Husband  ｜ TDK Podcast #185.TextGrid,1714,1373,6386,5236,4231,25663
20230307--Cz6Mm2eL9ik--Best Food The EAST COAST has to Boast (Ft. Nicole ChangMin) ｜ TDK Potluck Ep 1.TextGrid,4247,3648,10743,13021,11256,42206
20230309--DBFbYMRs78k--Bending Over (Backwards) For My BF⧸GF...？ ｜ TDK Podcast #186.TextGrid,1723,1414,7975,5053,4225,32212
20230313--Y9Ie87iNo6c--Transport Minister Reacts to Complaints from SG Redditors Ft. Minister S. Iswaran ｜ TDK Podcast #187.TextGrid,1613,1137,9034,4776,3448,37219
20230316--g3oJUvxh5hI--Don't Commit To Someone If You Haven't Asked Them THIS! ｜ TDK Podcast #188.TextGrid,1860,1481,6875,5767,4564,27754
20230319--JUJQQSgm8MQ--Do Lower-Wage Jobs in Singapore Have No Dignity？？ ft. SMS Zaqy Mohamad ｜ TDK Podcast #189.TextGrid,1709,1055,8855,5071,3124,37709
20230321--tkHtPKrYn1E--Eating 122 Plates of Sushi (Beating Zermatt's Most Viral Video) ｜ TDK Potluck Ep 2.TextGrid,5382,4374,13401,16850,13813,53478
20230323--T8Y_cnjFj_c--What’s It Like to Date After Breast Cancer ｜ TDK Podcast #190.TextGrid,1613,1206,7647,4815,3540,30765
20230326--5nLhX83FCHY--The Unexpected Truth About VAPING!!! ｜ TDK Podcast #191.TextGrid,1189,924,6418,3511,2768,26024
20230327--ULS2ltK3pPc--MALAYSIAN OSCAR DRAMA？？？ ｜ TDK Podcast #192.TextGrid,1268,1018,5697,3751,3049,23625
20230330--RWkWAgn5hXM--Are Physical 100 Challenges As Hard As They Look？! ｜ the besties vlog ep.8.TextGrid,640,589,1983,1920,1768,7876
20230403--H_QBq8fY5w0--How Being BULLIED Changed My Life ｜ TDK Podcast #193.TextGrid,1220,1026,4546,3627,3128,18210
20230406--MlXspLK7dhs--How Much Do Hawkers REALLY Make？？？ ｜ TDK Podcast #194.TextGrid,2370,1893,6771,6969,5549,27534
20230410--H1VMSN19Zz4--Singapore Idol Judge Accused Of MOLESTING 25⧸YO WOMAN？？？ ｜ TDK Podcast #195.TextGrid,2129,1776,7511,6555,5543,29818
"20230413--dBtvMhNNC2U--These SG YouTubers Are $205,114 IN DEBT!!! ft. Ministry of Funny ｜ TDK Podcast # 196.TextGrid",1434,1009,5932,4393,3118,24337
20230416---_rVZczMKHA--How to Tell Your Parents You’re Depressed ft. Devika Panicker ｜ TDK Podcast #197.TextGrid,1204,811,10932,3309,2306,45822
20230417--d7bvyyRLRTQ--Evidence-based Formula to Finding Your PERFECT Match ｜ TDK Podcast #198.TextGrid,1352,1026,5127,4227,3273,20928
20230420--1CQrW6uOJ2s--Are Singaporeans Ignorant Of The Disabled？ ｜ TDK Podcast # 199.TextGrid,984,768,4766,2855,2293,19126
20230424--8A_93Jjcw4s--Are Large Age Gap Relationships WRONG？？! ｜ TDK Podcast #200.TextGrid,1405,1112,5273,4323,3336,21230
"20230427--jUZ05tQ0DBs--If You Think Your Partner Is Cheating, You're Probably RIGHT!!! ｜ TDK Podcast #201.TextGrid",1369,1166,5885,4115,3576,23685
20230501--AAkVGDOfrCo--8 Things Guys Can Do To GLOW UP!!! ｜ TDK Podcast #202.TextGrid,1779,1372,5579,5641,4271,22305
20230504--Z8Kz6uFJ8eY--What Happened To Deekosh In Changi Prison？ ft. Darryl Ian Koshy ｜ TDK Podcast #203.TextGrid,3669,2885,15401,10955,8528,60271
20230508--WZx_maOuU_0--Sorry Not Sorry？？ Sugaresque Plagiarism Saga ｜ TDK Podcast #204.TextGrid,1537,1162,6570,4616,3554,26362
20230511--cCuXS0MT3Xo--This Wedding Mistake Will Cost You The Most! ｜ TDK Podcast #205.TextGrid,2431,1984,9942,7170,5932,38924
20230515--ruUpbCEsUrU--How I Went From Blackmail to OnlyFans ft. Gracie Hartie ｜ TDK Podcast #206.TextGrid,2295,1811,8827,7106,5655,36299
20230518--ReepN-CYPnA--Overcoming Muscular Dystrophy To Set A World Record ft. Yip Pin Xiu ｜ TDK Podcast #207.TextGrid,2730,2035,10560,8518,6396,43093
20230522--flgHeIF1LqY--Someone STOLE Dan's Mascot Suit At Our First Live Show？？？.TextGrid,274,264,557,920,902,2363
20230525--mUfjiCCVv90--Difficult Questions With SG's Highest-Ranking Catholic Ft. Cardinal William Goh ｜ TDK Podcast #208.TextGrid,1632,1223,8800,4795,3655,36772
20230528--izhWK-UmgVQ--DAN AND NAT’S OFFICIAL WEDDING VLOG.TextGrid,400,382,1363,1193,1115,5284
20230529--1oEwGmdmIJk--Nas Daily and DearAlyne BREAK UP After 6 Years？!! ｜ TDK Podcast #209.TextGrid,1287,1063,7477,3812,3175,30407
20230601--_KV9irSqeR4--Why you SHOULDN'T start a DIET with your colleagues.TextGrid,463,437,1912,1385,1307,7588
"20230605--Ptvtxqv0gTw--How This Ah Beng Made $1,000,000 Before Turning 30 Ft. Mayiduo ｜ TDK Podcast #210.TextGrid",3182,2558,9338,9714,7881,36970
20230611--1ac1ZZvcQ98--Are Lukeychan and Simonboy Still FRIENDS？？! ｜ TDK Podcast #211.TextGrid,2271,1810,7181,6728,5528,27370
20230612--kuyFziL6wVg--REVEALING OUR PORN SEARCHES!!! (Wildest Ep Yet？) ｜ TDK Podcast #212.TextGrid,2361,1876,7224,7343,5766,29036
20230615--0U9GRAFpFi0--Is Malaysia OVERREACTING To The Jocelyn Chia MH370 Drama？ ｜ TDK Podcast #213.TextGrid,1357,1016,6768,3980,2982,28337
20230619--oYnQZByO1z0--Why Are Singaporeans So OBSESSED With Japan？？？ ｜ TDK Podcast #214.TextGrid,1848,1455,7678,5584,4370,31044
20230622--xXTs8izBMic--The Truth About Taylor Swift Concert Tickets Revealed ｜ TDK Podcast #215.TextGrid,1565,1336,5200,4724,4104,21107
20230626--1AxxKuQ6C4M--Singapore BETTER Than Malaysia？？？ ｜ TDK Podcast #216.TextGrid,3175,2589,9704,9845,8015,39641
20230629--1m5ZhJF-Qjs--Are you OVERWORKING？ ｜ TDK Podcast #217.TextGrid,1903,1243,9243,5766,3764,38493
20230703--6tT-U0E8qdg--What Singapore's Sex Education Really Teaches You! ｜ TDK Podcast #218.TextGrid,2501,1881,8857,7565,5773,35748
20230706--OfGhU2jMzpc--Revealing The Secrets of Singapore's Interior Design Industry ｜ TDK Podcast #219.TextGrid,3303,2676,9986,9801,7670,39771
20230710--89f8-zNR5e0--Why You Shouldn't Send Your Kids To SAME-SEX SCHOOLS!!! ｜ TDK Podcast #220.TextGrid,2033,1671,6838,6289,5073,27937
20230713--8-YhfkHkS3c--The Ridout Road Saga EXPLAINED ft. Calvin Cheng ｜ TDK Podcast #221.TextGrid,763,480,4761,2145,1431,20145
20230717--KcmkE7Mo_P0--Starting an F&B Biz With NO EXPERIENCE ft. Tommynbcb ｜ TDK Podcast #222.TextGrid,1698,1339,6741,5012,3936,26640
20230720--Yoy72dvwbis--Finding Out My Mom Has Stage 4 Colon Cancer... ｜ #DailyKetchup EP 223.TextGrid,1354,907,6378,4029,2760,27184
"20230721--Ce0-gxr5V8g--SG Politicians Caught In AFFAIRS？？？ (Nicole Seah, Leon Perera, Tan Chuan-Jin...)｜ TDK Podcast #224.TextGrid",1321,1001,5704,3869,2918,23551
20230724--oeS_lFiXCIA--Are Gen Zs The WORST People to Work With？？ ｜ #DailyKetchup EP 225.TextGrid,2146,1602,10141,6347,4824,41574
20230726--i24hGVt0600--The 1975 Gets Malaysian Festival Cancelled ｜ #DailyKetchup EP 226.TextGrid,1254,906,6600,3886,2785,28076
20230727--v-gZG3m-ifo--Can You PULL THE PLUG On Your PARTNER？？？ ｜ #DailyKetchup EP 227.TextGrid,1513,1100,6828,4385,3183,27671
20230731--zGEq2FOEfMw--What’s It Like To Be A FEMALE Minister in Singapore？ ｜ #DailyKetchup EP 228.TextGrid,1012,739,6585,3020,2241,27873
20230803--1j9M2dkwl_w--AUGUST BABIES! It’s time to quit your job….？ Ft. A Numerologist ｜ #DailyKetchup EP 229.TextGrid,1566,1168,7283,4687,3499,29795
20230806--2VFt-DUYCIc--George Goh ： From Factory Boy To Multimillionaire ｜ #DailyKetchup EP 230.TextGrid,862,630,3854,2513,1770,15903
20230807--bqmIWeogINM--RANKING the WORST Neighbourhoods in Singapore？!？! ｜ #DailyKetchup EP 231.TextGrid,3207,2698,7904,9622,7962,31610
20230810--tI3CHoQxd10--Why I Took A Pay Cut to Become A Civil Servant in Singapore ｜ #DailyKetchup EP 232.TextGrid,782,519,4082,2260,1498,17324
20230814--cvKvm-uJtEk--Hotel GM Reveals FREE ROOM UPGRADE HACKS!!! ｜ #DailyKetchup EP 233.TextGrid,1163,839,5444,3591,2523,22563
20230817--boNXbaRpFPw--Ng Kok Song： The Man Who Built Singapore’s National Reserves ｜ #DailyKetchup EP 234.TextGrid,1030,723,5266,3014,2142,21568
20230821--jtwmFdlhrCY--Singaporean Relationship PROBLEMS？？？ ｜ #DailyKetchup EP 235.TextGrid,1156,862,5400,3468,2544,21449
20230825--qZa4ClayLoY--Tan Kin Lian’s FAMILY Didn’t Want Him To Run For President？？？ ｜ #DailyKetchup EP 236.TextGrid,1440,872,6094,4038,2445,25508
20230828--hGHHl8ojWAk--Why You Should RUN From A Girlfriend Who Proposes ｜ #DailyKetchup EP 237.TextGrid,2237,1684,8026,6918,5211,32058
20230830--HXmDPOYjD8I--Tharman Shanmugaratnam CONFRONTS His PAP Past？ ｜ #DailyKetchup EP 238.TextGrid,783,570,5425,2352,1722,23700
20230904--PCcXN43HufE--Getting NAKED Can Improve Your Friendships？？! ｜ #DailyKetchup EP 239.TextGrid,1274,1000,6766,3795,2998,27745
20230907--HmKcZpScd-Y--Singapore's 9th President (PE2023 SERIES FINALE!) ｜ #DailyKetchup EP 240.TextGrid,1748,1324,9463,5097,3911,38885
20230910--ZOtGGtvNrCQ--Are Singaporean Men “High Value”？ PART 1 ｜ #DailyKetchup EP 241.TextGrid,1974,1551,7852,6264,4968,31900
20230911--gEmlP9vGaiM--Are Parents OVERREACTING To The Kinderland Saga？？？ ｜ #DailyKetchup EP 242.TextGrid,1272,964,5852,3780,2968,23786
20230914--m8bvW-ykUJs--Are You Dating a High Value Woman？ ｜ #DailyKetchup EP 243.TextGrid,1537,1240,5221,4959,3895,21463
20230918--BJYePxdCnw0--You Will REGRET Making Friends at Work ｜ #DailyKetchup EP 244.TextGrid,893,691,5472,2646,2079,22109
20230921--Qx0uGvwKKLY--SG VS UK SCHOOL ORIENTATION CAMPS!!! ｜ #DailyKetchup EP 245.TextGrid,2130,1796,6229,6476,5473,24315
20230925--88mP0hzhRzg--John & Pat BABY UPDATE!!! ｜ #DailyKetchup EP 246.TextGrid,2701,2200,10248,8213,6538,40043
20230928--mNIkndrMbd8--What Does A Life Coach Really Do？ ｜ #Dailyketchup EP 247.TextGrid,939,728,5724,2868,2236,24074
20231001--Syd6SpC6cPs--John & Pat's 4-Bedroom Punggol Condo Tour!!! ｜ TDK Vlogs.TextGrid,844,773,2244,2448,2333,8837
20231002--umd7rpThnkQ--Dan's Going To Be A FATHER!!! ｜ #Dailyketchup EP 248.TextGrid,2673,2081,8343,8441,6408,32649
20231005--PADhWqqq7N0--Lessons From Our FIRST RELATIONSHIPS!!! ｜ #DailyKetchup EP 249.TextGrid,1444,1128,6751,4150,3298,26440
20231009--E8VdT5yamRk--Do I HAVE to Eat Lunch With My Colleagues？？？ ｜ #DailyKetchup EP 250.TextGrid,2067,1562,10405,6276,4743,42766
20231012--MkN-C7JNivo--Uni DROPOUT Gets Invited to Mentor SMU Scholars...？ (School Invasion!!).TextGrid,180,166,1429,491,446,5940
20231016--3uXEgObHBCg--Gen Zs Have COMMITMENT ISSUES？？？ ｜ #DailyKetchup EP 251.TextGrid,1011,825,5233,2944,2536,21458
20231020--yP2p3x2bOlE--Why Can't I LOVE MYSELF？？？ ｜ #DailyKetchup EP252.TextGrid,1158,957,5075,3535,3005,20430
20231023--8pKtc9Z-Xk0--You're STILL single at 32？？？？ ｜ #DailyKetchup EP 253.TextGrid,1125,822,5600,3304,2418,22653
20231026--H0efS6NFSrA--Why SG Women Prefer Korean Men ｜ #DailyKetchup EP 254.TextGrid,1802,1486,6929,5504,4627,27921
20231030--pSxMNWVsvcs--Jon DOMINATES Mafia!!! ｜ TDK After Hours.TextGrid,864,764,2132,2671,2447,8309
20231105--XOjeLMohvvE--Israel-Hamas Conflict： Singapore's Stance Explained ｜ #DailyKetchup EP 255.TextGrid,807,532,7353,2313,1460,32250
20231106--6doEbzT6UKE--TikTok Love Triangle Exposed (ft. Guo Lai and Josephine) ｜ #DailyKetchup EP 256.TextGrid,1752,1424,4275,5142,4264,16727
20231109--KuPeadyKM4o--BURNING Questions for A 🔥HOT🔥 Marine Firefighter!!! ｜ #DailyKetchup EP 257.TextGrid,1738,1191,5529,5049,3587,22157
20231113--KX3Ifufdh5c--Why You're Still FAILING Life at 30!!!｜ #DailyKetchup EP258.TextGrid,1365,1036,7120,4262,3282,28890
20231117--7vmEH03ivlM--What It Takes To SUCCEED IN SINGAPORE ft Shanti Pereira and Syahidah Alim ｜ #DailyKetchup EP259.TextGrid,1645,1230,5973,5097,3819,24259
20231120--QXeRg3prDz8--Non-football Fans GET PERSONAL With Gary Neville (Manchester United Legend!) ｜ #DailyKetchup EP260.TextGrid,1043,709,8678,2861,1799,35194
20231123--S6ynOPWi6aE--Uncovering the Secrets Of The US EMBASSY!!! (ft Ambassador Jonathan Kaplan) ｜ #DailyKetchup EP261.TextGrid,965,746,5335,3040,2375,22927
20231130--270y9zeshLI--Why is AMOS YEE liddis？! ｜ #DailyKetchup EP263.TextGrid,1110,784,6058,3304,2338,25448
20231204--ZXAsTsKrd7Q--Why Singaporeans SUCK At Parenting!!! ft. Sun Xueling ｜ #DailyKetchup EP264.TextGrid,1108,898,7889,3400,2794,33834
20231210--4Qc9Hpz6eG0--Working at One of SEA’s BIGGEST E-Gaming Events？？？ ft. Annette Lee.TextGrid,398,350,2281,1089,953,9403
20231211--OYmDy_KQQaI--What This Russian Expat REALLY Thinks of SG (ft. Max Chernov) ｜ #DailyKetchup EP265.TextGrid,870,674,4562,2573,1984,19477
20231214--jFmZvJoYJCg--Moving to Australia in UNDER A YEAR of Dating Ft. Edwin Goh & Rachel Wan ｜ #DailyKetchup EP 266.TextGrid,1534,1208,6903,4652,3688,27864
20231220--b2LEEVhoDsU--Jessica Jung Opens Up About Finding Closure After SNSD. (ft. Jessica Jung) ｜ #DailyKetchup EP267.TextGrid,791,648,4685,2359,1984,18889
20231221--u5U8E8g263U--Why I’m Earning MORE But Saving LESS？？？ ｜ #DailyKetchup EP268.TextGrid,2077,1616,5928,6584,5055,23470
20231225--Rd4r580B7mI--We've NEVER Taken an MC For 19 Years!! Ft. The Muttons ｜ #DailyKetchup EP 269.TextGrid,3555,2393,12625,10966,7497,50693
20240102--nw-yww02EXs--Our 2023 WRAPPED party + GIVEAWAY(worth $600++)! ｜ #DailyKetchup EP270.TextGrid,3681,3073,10311,11358,9654,41217
20240104--YMNlX54y_Ro--Things You Never Thought You Could Ask A BLIND MAN!!! ｜ #DailyKetchup EP271.TextGrid,1092,843,5136,3373,2610,20862
20240108---MSqgeRIT54--NEVER Stay Friends With Your Ex! ｜ #DailyKetchup EP272.TextGrid,2263,1827,7633,7208,5800,30734
20240111--93PIRZm9UpM--How to Be HAPPY？？？ Be BORING. ｜ #DailyKetchup EP273.TextGrid,1505,1108,7168,4632,3436,28715
"20240115--j9Lfg-Nx2ag--Love, Bonito Almost Ruined My Marriage (Ft. Rachel Lim) ｜ #DailyKetchup EP274.TextGrid",1944,1475,11669,5855,4218,47475
20240118--uvrAGE08s_o--Fix The Relationship That's RUINING Your Life!!! ｜ #DailyKetchup EP275.TextGrid,817,599,4957,2460,1811,20510
20240121--bThFfb-LBEU--Who Has the Most UNLUCKY Zodiac in 2024？？？ ｜ #DailyKetchup EP 276.TextGrid,1286,1024,5983,3941,3316,25117
20240122--qbc7Jyl95gs--Finding Your SOULMATE With an Enneagram Test？？？ ft Relationship Coach ｜ #DailyKetchup EP277.TextGrid,840,667,4895,2575,2034,20344
20240125--1FAE1svDf1E--Why Women love TOXIC Men... ｜ #DailyKetchup EP 278.TextGrid,1904,1640,8089,5176,4490,32334
20240129--0zp8DCB8Srs--Is She Interested Or Just FRIENDLY？？ ｜ #DailyKetchup EP279.TextGrid,2034,1502,7497,6026,4534,29295
20240201--6DhxJGwusA4--How to SAVE YOUR LIFE in 2024!!! ｜ #DailyKetchup EP280.TextGrid,1161,801,4404,3575,2438,18272
20240205--g-fYfutguvE--Michael Owen & Peter Schmeichel Try Singaporean CNY Snacks!! ft.  ｜ #DailyKetchup EP281.TextGrid,1102,723,7359,2991,2000,29729
20240209--Pva0aVY4lgc--SEX Is Better When You're PREGNANT？？？ ｜ #DailyKetchup EP285.TextGrid,932,649,5472,2748,1910,22546
20240212--a2Uk1xk6rCk--“He was too big!” ｜ #DailyKetchup EP286.TextGrid,1178,894,5093,3516,2579,21187
20240215--QcOt-U6zvB8--Worst Confession stories! ｜ #DailyKetchup EP 287.TextGrid,1620,1318,5402,5000,4157,21119
20240219--WkjIPWSav9o--Ranking the BEST and WORST polys in Singapore!!! ｜ #DailyKetchup EP288.TextGrid,2042,1752,5857,6212,5472,23395
20240222--4K8SU_1LeSc--Don't Quit Your Job Until Your Hear THIS!!! ｜ #DailyKetchup EP289.TextGrid,947,715,5629,2871,2139,24047
20240226--NsY6gAyBDKQ--Radio DJ Sonia Chew Spills the Tea on Her Dating Life ｜ #DailyKetchup EP290.TextGrid,2011,1581,10436,5923,4777,41635
20240229--0tqyxcB9ZY8--6 Things You Don't Know About The Singapore AIR FORCE!!! ｜ #DailyKetchup EP291.TextGrid,1402,1072,4359,4360,3361,18015
20240303--yrjl0rMOPuY--Taylor Swift SG Concert DRAMA!!! ｜ #DailyKetchup EP292.TextGrid,1769,1451,5818,5411,4349,23050
20240304--ULJGL7CvJ_w--4 Reasons Why You Can't LOSE WEIGHT!!! ｜ #DailyKetchup EP293.TextGrid,941,655,4702,2833,1948,19404
20240307--lYZ_Y_GaTmA--Israel-Hamas Conflict Threatening Singapore's Social Fabric？ ｜ #DailyKetchup EP294.TextGrid,1345,971,7899,4010,2905,33701
20240311--M6_KdFI8hkE--Brad Goh： Are Singaporeans SECRETLY JEALOUS？ ｜ #DailyKetchup EP295.TextGrid,1681,1337,6889,4996,4056,27954
20240314--qdoFhsFnktU--What REALLY Goes On In Boys’ Town ｜ #DailyKetchup EP296.TextGrid,1292,1047,5923,3952,3050,24079
20240317--eMHP0XWiu7s--Should I LEAVE MY BF Cause He Earns Less？？？ ｜ #DailyKetchup EP297.TextGrid,1525,1154,7224,4807,3466,29276
20240318--JXPvFMUBRG4--Living Funerals： The Best Way to Die in Singapore. ｜ #DailyKetchup EP298.TextGrid,1407,1060,7121,4261,3202,28949
"20240321--zcEfK3Ic2pM--＊TRUE STORY＊ Losing $1,000,000 To A Love Scam... ｜ #DailyKetchup EP299.TextGrid",1102,762,4935,3330,2216,20522
20240325--CrYDpdTW4Oo--Fighting Through Text Should Be NORMALISED!!! ｜ #DailyKetchup EP300.TextGrid,2893,2280,10918,8818,6889,43631
20240328--BqHdcEpor2k--Are You Also GUILTY of Catch-Up Friendships？ ｜ #DailyKetchup EP301.TextGrid,2038,1589,9725,5940,4787,39120
20240402--1m75V-wdW8k--STEVEN LIM： The Misunderstood Superstar (April Fools Prank) ｜ #DailyKetchup EP302.TextGrid,3418,2805,8623,10534,8770,34023
20240404--fDRf_hBlCNM--(AVOID ION？？) Best And WORST SHOPPING MALLS in SG! ｜ #DailyKetchup EP303.TextGrid,3771,3210,9717,12020,10096,39156
20240408--hMT1FuxfK_A--BF Doesn't Want to Have S＊x With GF For THIS STRANGE Reason？! ｜ #DailyKetchup EP304.TextGrid,917,688,3968,2851,2135,16407
20240411--4-zMQiBNJaA--Dan's $65K Renovated 4-RM BTO House Tour!!! ｜ #DailyKetchup EP305.TextGrid,885,773,3266,2600,2312,13155
20240415--HmObfFKb4O0--The Hard Truth About LOSING FRIENDS In Your 30s ｜ #DailyKetchup EP306.TextGrid,1259,969,6387,3826,2977,26403
20240418--QZJTboqkSJY--Star Awards： The MOST BORING Awards Show？？ (ft. Chantalle Ng) ｜ #DailyKetchup EP307.TextGrid,1233,984,5024,3738,2934,20111
20240422--dG94ZZH15hM--How To Talk To Your Child About Watching P＊RN ｜ #DailyKetchup EP308.TextGrid,1263,875,6558,3724,2660,27379
20240425--r_PwKV57iBk--TSL OG CAST REUNION： 5 Years Later!!! ｜ #DailyKetchup EP309.TextGrid,1575,1218,7734,4739,3617,30998
20240429--jYdLY3fmtMo--FOOD HUNT： SG’s BEST HOKKIEN MEE？？ ＊MUST TRY＊ (drove the entire sg in a VW EV!) #DailyKetchup EP310.TextGrid,2082,1785,6124,6180,5338,24588
20240502--mzv1s54kyec--Asian Men Answer Women's INAPPROPRIATE QUESTIONS ｜ #DailyKetchup EP311.TextGrid,1907,1556,5463,6069,4874,21840
20240506--Rfu5-vOeIOs--PODCASTERS VS RADIO DJS Ft. The DAKA Show ｜ #DailyKetchup EP312.TextGrid,2017,1602,6260,6225,4955,24519
20240509--weZ_YAjQybY--Expanding My Vagina With This 10 Minute Routine？？？ ｜ #DailyKetchup EP313.TextGrid,1766,1468,5690,5514,4494,23349
20240513--XqLawo81ozA--Asian Women Answer Men's INAPPROPRIATE QUESTIONS ｜ #DailyKetchup EP314.TextGrid,2100,1734,6874,6102,5140,26717
20240516--PH0n1pm16ug--Introducing Our Youngest Cast Member (Dan and Nat's Baby is Here!!)｜ #DailyKetchup EP315.TextGrid,2277,1847,7644,6947,5564,29991
20240521--YVdkYxumxtE--Why Are Asian Parents OBSESSED WITH GRADES？! ｜ #DailyKetchup EP316.TextGrid,1683,1363,6868,5127,4071,27254
20240523--ofRcw5PFNEE--How to WIN in Your 20s (According to 30s) ｜ #DailyKetchup EP317.TextGrid,1990,1544,7811,6258,4872,31538
20240527--sllprJ69blo--When was the last time you lost your sh＊t？ ｜ #DailyKetchup EP318.TextGrid,1307,1036,5979,3824,3038,23564
20240530--2njF_0LdekY--The Sibling That Parents Love the Most… ｜ #DailyKetchup EP319.TextGrid,2563,2190,7993,7908,6757,31641
20240603--eV9OOW59lXo--How I F＊＊ked Up With My In-Laws ｜ #DailyKetchup EP320.TextGrid,3225,2687,8164,10156,8617,32405
20240606--MWTHA8G-wks--Why Are Singaporeans Having Fewer Babies？ (Except Dan) ｜ #DailyKetchup EP321.TextGrid,1239,899,5080,4053,2826,20655
20240610--QJqhQ1uqD2w--Answering UNHINGED QUESTIONS From Our Telegram Members!! ｜ #DailyKetchup EP322.TextGrid,2121,1756,6272,6427,5333,24940
20240613--AELcSNV5FVs--Attempting Everest Base Camp at 33 (what they don't tell you...) ｜ #DailyKetchup EP323.TextGrid,2694,2065,10760,8492,6470,43478
20240617--A9FGKaBw5iM--Reacting to Your Nastiest Confessions (TDK Community) Pt 1｜ #DailyKetchup EP324.TextGrid,1603,1247,6594,4861,3761,26662
20240620--nsu27-uKSJo--help... i'm in love with my best friend’s girl… ｜ #DailyKetchup EP325.TextGrid,1244,984,4419,3773,2952,17943
20240624--OnphUYz00tQ--ICA Commander Shares Tips To BEAT the Causeway Jam!!! ｜ #DailyKetchup EP326.TextGrid,1189,872,4401,3502,2611,18842
20240627--Wggu2MGXmvo--The Reality of being a CNA Presenter (ft. Steven Chia) ｜ #DailyKetchup EP237.TextGrid,923,673,4922,2638,1958,19855
20240701--1YDGuLEggV8--Do you also have a controlling parent？ ｜ #DailyKetchup EP328.TextGrid,1474,1062,6489,4333,3241,26200
20240704--U5RABqPD5KA--Motorcycle Accident Left Me PARALYSED At 26 ｜ #DailyKetchup EP329.TextGrid,1136,790,4531,3443,2309,18368
20240707--hQ-74HyB_b8--why should we care about THIS painting？ ｜ #DailyKetchup EP330.TextGrid,1287,988,6012,3941,2948,25332
"20240708--4n7k-jkBz2I--Not a HE, Not a She, Just KUMAR Ft. Kumar ｜ #DailyKetchup EP331.TextGrid",2045,1470,7807,6269,4370,31360
20240711--FTgh1Gya_QQ--TDK OFFICE TOUR： New Studios and a Karaoke Corner？!! ｜ #DailyKetchup EP332.TextGrid,1000,940,5271,2747,2442,21345
20240715--EVSddk2xk-k--Ranking Bubble Tea Brands in Singapore!!! ｜ #DailyKetchup EP333.TextGrid,2576,2144,7323,8012,6448,29550
20240718--U4gMDzAwaD8--How Dick became big in Singapore (ft. Dick Lee) ｜ #DailyKetchup EP334.TextGrid,2356,1719,9943,7273,5295,39575
20240722--zwuL4Uejcgw--Sonia Chew CHANGED His Love Life ft. Joakim Gomez ｜ #DailyKetchup EP335.TextGrid,1846,1408,10091,5316,4021,40309
20240725--_wboOwgbvqc--9 Common Renovation MISTAKES Singaporeans Make in 2024!! (and How to Avoid) ｜ #DailyKetchup EP336.TextGrid,1443,1127,7812,4171,3236,31869
20240729--ZyaxgLwy9kU--What Happened to Gurmit Singh？! (PART ONE) ｜ #DailyKetchup EP337.TextGrid,2428,1782,10277,6873,5056,40631
20240801--_OXo1gIp3Y8--PART 2 ｜ The Price of Being Phua Chu Kang ft. Gurmit Singh ｜ #DailyKetchup EP338.TextGrid,3457,2510,13809,10078,7224,54540
20240805--xh1oSKi-oYs--School principal flashed students in all girls school？! ｜ #DailyKetchup EP339.TextGrid,1686,1386,5707,4995,4090,22508
20240808--vKPykA_niA8--Why I Left Singapore for JB ft. Hossan Leong ｜ #DailyKetchup EP340.TextGrid,2851,2144,10183,8583,6592,41140
20240812--MRQ7MWWGh9A--Revealing The TRUTH about Property Agents in SG!! (ft. PropertyLimBrothers ｜ #DailyKetchup EP341.TextGrid,1777,1353,8541,5402,4046,35770
20240815--_MCIGeGib3U--Top 4 Food Spots in TAI SENG!!! ＊MUST TRY＊ ｜ #DailyKetchup Food Hunt.TextGrid,932,891,2707,2679,2586,10491
20240819--nOUX-Sv6EQI--Singapore Was THIS Close To a Terrorist Attack？？ ｜ #DailyKetchup EP342.TextGrid,657,472,4193,1897,1397,18692
20240822--f8qmdios4QE--＂I was only making $450 on PCK＂ (ft. Irene Ang)｜ #DailyKetchup EP343.TextGrid,2806,2080,11131,8099,6032,43976
20240826--F_pfL7dwPl0--BEST and WORST Bubble Tea in SG？! (part two) ｜ #DailyKetchup EP344.TextGrid,2013,1732,6416,6240,5162,25677
