epoch,global_step,learning_rate,step,train_loss,training_batch_wer,val_wer
0,0.0,,0,,,0.3220418393611908
0,0.0,9.999999747378752e-06,0,3.110219717025757,0.7884615659713745,
0,1.0,9.999999747378752e-06,1,1.209457278251648,0.27771249413490295,
0,2.0,9.999999747378752e-06,2,1.732688069343567,0.75,
0,3.0,9.999999747378752e-06,3,1.7696499824523926,0.6758241653442383,
0,4.0,9.999999747378752e-06,4,2.0835061073303223,0.5196969509124756,
0,5.0,9.999999747378752e-06,5,3.2116641998291016,1.0,
0,6.0,9.999999747378752e-06,6,1.038616418838501,0.43529412150382996,
0,7.0,9.999999747378752e-06,7,2.042248249053955,0.4787735939025879,
0,8.0,9.999999747378752e-06,8,4.192751884460449,0.9227453470230103,
0,9.0,9.999999747378752e-06,9,1.3687596321105957,0.5206971764564514,
0,10.0,9.999999747378752e-06,10,1.7003179788589478,0.6423376798629761,
0,11.0,9.999999747378752e-06,11,1.5594782829284668,0.732758641242981,
0,12.0,9.999999747378752e-06,12,1.9993149042129517,0.5825892686843872,
0,13.0,9.999999747378752e-06,13,1.7571022510528564,0.6331417560577393,
0,14.0,9.999999747378752e-06,14,4.209568023681641,0.953125,
0,15.0,9.999999747378752e-06,15,1.6737911701202393,0.6749999523162842,
0,16.0,9.999999747378752e-06,16,1.0341275930404663,0.375,
0,17.0,9.999999747378752e-06,17,2.776155471801758,0.7966752052307129,
0,18.0,9.999999747378752e-06,18,1.7217615842819214,0.5520833730697632,
0,19.0,9.999999747378752e-06,19,2.117147445678711,0.8125,
0,20.0,9.999999747378752e-06,20,1.7235914468765259,0.7922201156616211,
0,21.0,9.999999747378752e-06,21,0.9362975358963013,0.3367224931716919,
0,22.0,9.999999747378752e-06,22,1.2945810556411743,0.5707417726516724,
0,23.0,9.999999747378752e-06,23,1.306860089302063,0.4753984808921814,
0,24.0,9.999999747378752e-06,24,1.0290648937225342,0.29153603315353394,
0,25.0,9.999999747378752e-06,25,1.8360671997070312,0.6443548202514648,
0,26.0,9.999999747378752e-06,26,1.6862359046936035,0.5603535175323486,
0,27.0,9.999999747378752e-06,27,2.1342077255249023,0.7355990409851074,
0,28.0,9.999999747378752e-06,28,0.9521220922470093,0.3895833492279053,
0,29.0,9.999999747378752e-06,29,1.6507275104522705,0.5740740895271301,
0,30.0,9.999999747378752e-06,30,1.4514740705490112,0.6502998471260071,
0,31.0,9.999999747378752e-06,31,1.1019889116287231,0.383301705121994,
0,32.0,9.999999747378752e-06,32,1.6727685928344727,0.4888889193534851,
0,33.0,9.999999747378752e-06,33,1.7344961166381836,0.5612499713897705,
0,34.0,9.999999747378752e-06,34,2.1061699390411377,0.765625,
0,35.0,9.999999747378752e-06,35,1.566864013671875,0.5932773351669312,
0,36.0,9.999999747378752e-06,36,2.053337812423706,0.5735849142074585,
0,37.0,9.999999747378752e-06,37,2.274712085723877,0.6293478012084961,
0,38.0,9.999999747378752e-06,38,1.7494829893112183,0.612601637840271,
0,39.0,9.999999747378752e-06,39,1.8012282848358154,0.5062500238418579,
0,40.0,9.999999747378752e-06,40,2.7514731884002686,0.8306452035903931,
0,41.0,9.999999747378752e-06,41,1.5910078287124634,0.5027927160263062,
0,42.0,9.999999747378752e-06,42,2.6122186183929443,0.8636363744735718,
0,43.0,9.999999747378752e-06,43,1.8821346759796143,0.5883838534355164,
0,44.0,9.999999747378752e-06,44,1.0134328603744507,0.4052726626396179,
0,45.0,9.999999747378752e-06,45,1.8347975015640259,0.7274305820465088,
0,46.0,9.999999747378752e-06,46,1.5787850618362427,0.5258152484893799,
0,47.0,9.999999747378752e-06,47,2.253272294998169,0.5833333134651184,
0,48.0,9.999999747378752e-06,48,1.4295202493667603,0.5012542009353638,
0,49.0,9.999999747378752e-06,49,1.4803305864334106,0.5369106531143188,
0,50.0,,49,,,0.36628201603889465
0,50.0,9.999999747378752e-06,50,1.6523643732070923,0.5265700221061707,
0,51.0,9.999999747378752e-06,51,2.829329252243042,0.7678571343421936,
0,52.0,9.999999747378752e-06,52,1.380585789680481,0.4866478443145752,
0,53.0,9.999999747378752e-06,53,2.6417107582092285,0.90625,
0,54.0,9.999999747378752e-06,54,1.6492397785186768,0.5115385055541992,
0,55.0,9.999999747378752e-06,55,1.3576346635818481,0.5287896394729614,
0,56.0,9.999999747378752e-06,56,0.8715290427207947,0.37534013390541077,
0,57.0,9.999999747378752e-06,57,0.7880434393882751,0.3324154019355774,
0,58.0,9.999999747378752e-06,58,1.430598258972168,0.5214285850524902,
0,59.0,9.999999747378752e-06,59,1.534218430519104,0.45449307560920715,
0,60.0,9.999999747378752e-06,60,0.9527544975280762,0.42565423250198364,
0,61.0,9.999999747378752e-06,61,2.040187120437622,0.6018518209457397,
0,62.0,9.999999747378752e-06,62,1.2865475416183472,0.5810185074806213,
0,63.0,9.999999747378752e-06,63,1.1645197868347168,0.42698293924331665,
0,64.0,9.999999747378752e-06,64,1.779518485069275,0.6050724983215332,
0,65.0,9.999999747378752e-06,65,1.8495275974273682,0.5553191900253296,
0,66.0,9.999999747378752e-06,66,1.486396074295044,0.5376197099685669,
0,67.0,9.999999747378752e-06,67,1.7163313627243042,0.5617715716362,
0,68.0,9.999999747378752e-06,68,1.0062379837036133,0.49390530586242676,
0,69.0,9.999999747378752e-06,69,1.0797789096832275,0.46281909942626953,
0,70.0,9.999999747378752e-06,70,1.6200745105743408,0.6863572597503662,
0,71.0,9.999999747378752e-06,71,0.7049520611763,0.4169822931289673,
0,72.0,9.999999747378752e-06,72,1.6797021627426147,0.4685462713241577,
0,73.0,9.999999747378752e-06,73,1.940663456916809,0.6680161952972412,
0,74.0,9.999999747378752e-06,74,1.8604247570037842,0.6106060743331909,
0,75.0,9.999999747378752e-06,75,1.860197901725769,0.7556818127632141,
0,76.0,9.999999747378752e-06,76,1.9386701583862305,0.7742297053337097,
0,77.0,9.999999747378752e-06,77,2.8937888145446777,0.8365384340286255,
0,78.0,9.999999747378752e-06,78,1.4985843896865845,0.5536723136901855,
0,79.0,9.999999747378752e-06,79,1.7509567737579346,0.7195340394973755,
0,80.0,9.999999747378752e-06,80,2.099407434463501,0.687912106513977,
0,81.0,9.999999747378752e-06,81,2.7302651405334473,0.67277991771698,
0,82.0,9.999999747378752e-06,82,1.4709644317626953,0.5440475940704346,
0,83.0,9.999999747378752e-06,83,1.0891401767730713,0.47579121589660645,
0,84.0,9.999999747378752e-06,84,2.0253777503967285,0.6617647409439087,
0,85.0,9.999999747378752e-06,85,1.967443585395813,0.6375597715377808,
0,86.0,9.999999747378752e-06,86,1.623144507408142,0.5627015829086304,
0,87.0,9.999999747378752e-06,87,2.0515801906585693,0.754480242729187,
0,88.0,9.999999747378752e-06,88,1.5947765111923218,0.6952861547470093,
0,89.0,9.999999747378752e-06,89,1.673251986503601,0.6240079402923584,
0,90.0,9.999999747378752e-06,90,1.1745121479034424,0.4272727370262146,
0,91.0,9.999999747378752e-06,91,1.3216279745101929,0.5193049907684326,
0,92.0,9.999999747378752e-06,92,1.1031094789505005,0.4791666865348816,
0,93.0,9.999999747378752e-06,93,1.6994074583053589,0.5854166746139526,
0,94.0,9.999999747378752e-06,94,1.4486333131790161,0.5204918384552002,
0,95.0,9.999999747378752e-06,95,1.690300703048706,0.6257368326187134,
0,96.0,9.999999747378752e-06,96,1.4722895622253418,0.5652778148651123,
0,97.0,9.999999747378752e-06,97,1.942034125328064,0.5534273982048035,
0,98.0,9.999999747378752e-06,98,1.2923730611801147,0.5368589758872986,
0,99.0,9.999999747378752e-06,99,1.9245656728744507,0.639297366142273,
0,100.0,,99,,,0.34699785709381104
0,100.0,9.999999747378752e-06,100,1.8783905506134033,0.4427083432674408,
0,101.0,9.999999747378752e-06,101,1.8633776903152466,0.6038306355476379,
0,102.0,9.999999747378752e-06,102,1.8029505014419556,0.49545079469680786,
0,103.0,9.999999747378752e-06,103,0.9475567936897278,0.4166666865348816,
0,104.0,9.999999747378752e-06,104,3.027888059616089,0.7552631497383118,
0,105.0,9.999999747378752e-06,105,1.2440370321273804,0.4360182285308838,
0,106.0,9.999999747378752e-06,106,1.6039084196090698,0.6080309152603149,
0,107.0,9.999999747378752e-06,107,1.2515945434570312,0.5511953830718994,
0,108.0,9.999999747378752e-06,108,1.7759785652160645,0.6859244108200073,
0,109.0,9.999999747378752e-06,109,1.2346082925796509,0.5271682739257812,
0,110.0,9.999999747378752e-06,110,1.7913862466812134,0.5230768918991089,
0,111.0,9.999999747378752e-06,111,2.3752081394195557,0.6862499713897705,
0,112.0,9.999999747378752e-06,112,2.1767666339874268,0.8562924861907959,
0,113.0,9.999999747378752e-06,113,1.271885871887207,0.5022222399711609,
0,114.0,9.999999747378752e-06,114,2.0809550285339355,0.5726495981216431,
0,115.0,9.999999747378752e-06,115,1.2129219770431519,0.3500000238418579,
0,116.0,9.999999747378752e-06,116,1.660390853881836,0.5111842155456543,
0,117.0,9.999999747378752e-06,117,1.2147283554077148,0.5425576567649841,
0,118.0,9.999999747378752e-06,118,1.4192174673080444,0.5874125957489014,
0,119.0,9.999999747378752e-06,119,1.1481693983078003,0.3604753613471985,
0,120.0,9.999999747378752e-06,120,1.442813754081726,0.5896033048629761,
0,121.0,9.999999747378752e-06,121,1.075546145439148,0.40287160873413086,
0,122.0,9.999999747378752e-06,122,2.0428988933563232,0.7301790714263916,
0,123.0,9.999999747378752e-06,123,1.1729179620742798,0.3072916865348816,
0,124.0,9.999999747378752e-06,124,0.7405256032943726,0.43095239996910095,
0,125.0,9.999999747378752e-06,125,1.8722572326660156,0.6527777910232544,
0,126.0,9.999999747378752e-06,126,1.9225891828536987,0.582932710647583,
0,127.0,9.999999747378752e-06,127,1.5883708000183105,0.5338874459266663,
0,128.0,9.999999747378752e-06,128,0.8579127192497253,0.3077211380004883,
0,129.0,9.999999747378752e-06,129,2.6610279083251953,0.8333333730697632,
0,130.0,9.999999747378752e-06,130,1.187164068222046,0.4462686777114868,
0,131.0,9.999999747378752e-06,131,0.673282265663147,0.2361111044883728,
0,132.0,9.999999747378752e-06,132,2.587380886077881,0.7983595132827759,
0,133.0,9.999999747378752e-06,133,2.4655096530914307,0.7415711879730225,
0,134.0,9.999999747378752e-06,134,0.7392971515655518,0.30876070261001587,
0,135.0,9.999999747378752e-06,135,1.0588274002075195,0.4179292917251587,
0,136.0,9.999999747378752e-06,136,1.4221833944320679,0.6541666984558105,
0,137.0,9.999999747378752e-06,137,1.7801895141601562,0.5277973413467407,
0,138.0,9.999999747378752e-06,138,1.1840484142303467,0.5701298713684082,
0,139.0,9.999999747378752e-06,139,1.109176754951477,0.6029411554336548,
0,140.0,9.999999747378752e-06,140,1.277916669845581,0.45183825492858887,
0,141.0,9.999999747378752e-06,141,2.2254881858825684,0.6208791136741638,
0,142.0,9.999999747378752e-06,142,1.8940709829330444,0.6340067386627197,
0,143.0,9.999999747378752e-06,143,1.1244430541992188,0.48232322931289673,
0,144.0,9.999999747378752e-06,144,1.504990816116333,0.5037488341331482,
0,145.0,9.999999747378752e-06,145,1.337381362915039,0.46578946709632874,
0,146.0,9.999999747378752e-06,146,0.6177287101745605,0.25392886996269226,
0,147.0,9.999999747378752e-06,147,1.8471438884735107,0.6288156509399414,
0,148.0,9.999999747378752e-06,148,1.862151861190796,0.6079059839248657,
0,149.0,9.999999747378752e-06,149,1.7010728120803833,0.6783403158187866,
0,150.0,,149,,,0.3441423773765564
0,150.0,9.999999747378752e-06,150,1.8502475023269653,0.521026074886322,
0,151.0,9.999999747378752e-06,151,1.5694276094436646,0.5769230723381042,
0,152.0,9.999999747378752e-06,152,1.1846057176589966,0.4933035671710968,
0,153.0,9.999999747378752e-06,153,0.9978107213973999,0.4104747176170349,
0,154.0,9.999999747378752e-06,154,0.9360822439193726,0.3537449240684509,
0,155.0,9.999999747378752e-06,155,1.5755568742752075,0.42824074625968933,
0,156.0,9.999999747378752e-06,156,1.0681270360946655,0.512005627155304,
0,157.0,9.999999747378752e-06,157,1.0986454486846924,0.5666666626930237,
0,158.0,9.999999747378752e-06,158,1.426124095916748,0.7589285373687744,
0,159.0,9.999999747378752e-06,159,1.4621679782867432,0.6184210777282715,
0,160.0,9.999999747378752e-06,160,1.4663814306259155,0.485226571559906,
0,161.0,9.999999747378752e-06,161,1.8276443481445312,0.608618974685669,
0,162.0,9.999999747378752e-06,162,1.0157476663589478,0.3788580298423767,
0,163.0,9.999999747378752e-06,163,1.358680248260498,0.5579710006713867,
0,164.0,9.999999747378752e-06,164,1.2643580436706543,0.5643423795700073,
0,165.0,9.999999747378752e-06,165,0.9193493127822876,0.40143540501594543,
0,166.0,9.999999747378752e-06,166,1.1217225790023804,0.554895281791687,
0,167.0,9.999999747378752e-06,167,0.9796202778816223,0.5242674350738525,
0,168.0,9.999999747378752e-06,168,1.66281259059906,0.5866382718086243,
0,169.0,9.999999747378752e-06,169,1.20106041431427,0.42014068365097046,
0,170.0,9.999999747378752e-06,170,1.6346826553344727,0.5514553189277649,
0,171.0,9.999999747378752e-06,171,1.4168411493301392,0.5649038553237915,
0,172.0,9.999999747378752e-06,172,1.8203288316726685,0.6714285612106323,
0,173.0,9.999999747378752e-06,173,1.520018219947815,0.5984848737716675,
0,174.0,9.999999747378752e-06,174,1.4627763032913208,0.5006285309791565,
0,175.0,9.999999747378752e-06,175,1.8001708984375,0.5777777433395386,
0,176.0,9.999999747378752e-06,176,1.0402628183364868,0.36002179980278015,
0,177.0,9.999999747378752e-06,177,0.956959068775177,0.4047462046146393,
0,178.0,9.999999747378752e-06,178,1.2750978469848633,0.45112985372543335,
0,179.0,9.999999747378752e-06,179,1.2312281131744385,0.44999998807907104,
0,180.0,9.999999747378752e-06,180,1.976609468460083,0.6254767179489136,
0,181.0,9.999999747378752e-06,181,2.1159253120422363,0.5545977354049683,
0,182.0,9.999999747378752e-06,182,0.8323746919631958,0.35101011395454407,
0,183.0,9.999999747378752e-06,183,1.0367878675460815,0.39423561096191406,
0,184.0,9.999999747378752e-06,184,1.0872795581817627,0.5321969985961914,
0,185.0,9.999999747378752e-06,185,1.7754483222961426,0.6003952622413635,
0,186.0,9.999999747378752e-06,186,1.2930256128311157,0.4700695276260376,
0,187.0,9.999999747378752e-06,187,1.6247907876968384,0.5694444179534912,
0,188.0,9.999999747378752e-06,188,1.0029014348983765,0.3752955198287964,
0,189.0,9.999999747378752e-06,189,1.103814721107483,0.4166666865348816,
0,190.0,9.999999747378752e-06,190,3.2556519508361816,1.1428570747375488,
0,191.0,9.999999747378752e-06,191,1.4707129001617432,0.6726190447807312,
0,192.0,9.999999747378752e-06,192,1.5027278661727905,0.4270833134651184,
0,193.0,9.999999747378752e-06,193,1.1530433893203735,0.4968186616897583,
0,194.0,9.999999747378752e-06,194,1.7799618244171143,0.6788533926010132,
0,195.0,9.999999747378752e-06,195,1.1806962490081787,0.4677337408065796,
0,196.0,9.999999747378752e-06,196,1.7193429470062256,0.4910714626312256,
0,197.0,9.999999747378752e-06,197,1.1726468801498413,0.5254011154174805,
0,198.0,9.999999747378752e-06,198,1.1685484647750854,0.378078818321228,
0,199.0,9.999999747378752e-06,199,1.4424384832382202,0.6508772373199463,
0,200.0,,199,,,0.32873067259788513
0,200.0,9.999999747378752e-06,200,0.8652311563491821,0.38879600167274475,
0,201.0,9.999999747378752e-06,201,0.9829609990119934,0.4032168984413147,
0,202.0,9.999999747378752e-06,202,1.7342252731323242,0.6224696636199951,
0,203.0,9.999999747378752e-06,203,1.144750952720642,0.4753968119621277,
0,204.0,9.999999747378752e-06,204,1.4180145263671875,0.5601603984832764,
0,205.0,9.999999747378752e-06,205,1.8104373216629028,0.7202380895614624,
0,206.0,9.999999747378752e-06,206,1.4203381538391113,0.5034316778182983,
0,207.0,9.999999747378752e-06,207,1.3401685953140259,0.5185185670852661,
0,208.0,9.999999747378752e-06,208,1.1602555513381958,0.43983957171440125,
0,209.0,9.999999747378752e-06,209,1.5509697198867798,0.5496727228164673,
0,210.0,9.999999747378752e-06,210,1.9878982305526733,0.6864742040634155,
0,211.0,9.999999747378752e-06,211,1.265633463859558,0.6442856788635254,
0,212.0,9.999999747378752e-06,212,0.7565901875495911,0.2924671173095703,
0,213.0,9.999999747378752e-06,213,1.101435899734497,0.539434552192688,
0,214.0,9.999999747378752e-06,214,1.7781397104263306,0.4395604729652405,
0,215.0,9.999999747378752e-06,215,1.5055173635482788,0.5298625826835632,
0,216.0,9.999999747378752e-06,216,1.7941982746124268,0.6216346025466919,
0,217.0,9.999999747378752e-06,217,1.555417776107788,0.6464922428131104,
0,218.0,9.999999747378752e-06,218,2.042813539505005,0.6984052658081055,
0,219.0,9.999999747378752e-06,219,1.492134690284729,0.5009058117866516,
0,220.0,9.999999747378752e-06,220,1.4547475576400757,0.50330650806427,
0,221.0,9.999999747378752e-06,221,1.9816104173660278,0.7270471453666687,
0,222.0,9.999999747378752e-06,222,0.972922682762146,0.40900900959968567,
0,223.0,9.999999747378752e-06,223,0.6704123616218567,0.3433957099914551,
0,224.0,9.999999747378752e-06,224,1.0423718690872192,0.45622119307518005,
0,225.0,9.999999747378752e-06,225,0.7222533226013184,0.5068627595901489,
0,226.0,9.999999747378752e-06,226,1.468758463859558,0.6681922674179077,
0,227.0,9.999999747378752e-06,227,1.363251805305481,0.42129629850387573,
0,228.0,9.999999747378752e-06,228,1.1545121669769287,0.43417370319366455,
0,229.0,9.999999747378752e-06,229,1.8533029556274414,0.78125,
0,230.0,9.999999747378752e-06,230,1.4388315677642822,0.6089743375778198,
0,231.0,9.999999747378752e-06,231,1.4539698362350464,0.6422064900398254,
0,232.0,9.999999747378752e-06,232,1.7538946866989136,0.7557291984558105,
0,233.0,9.999999747378752e-06,233,0.8901146054267883,0.36391305923461914,
0,234.0,9.999999747378752e-06,234,0.9615105986595154,0.44461697340011597,
0,235.0,9.999999747378752e-06,235,1.4045464992523193,0.38333332538604736,
0,236.0,9.999999747378752e-06,236,1.7357120513916016,0.7325050830841064,
0,237.0,9.999999747378752e-06,237,1.9897068738937378,0.6818840503692627,
0,238.0,9.999999747378752e-06,238,1.4456173181533813,0.5340908765792847,
0,239.0,9.999999747378752e-06,239,1.9487485885620117,0.6463675498962402,
0,240.0,9.999999747378752e-06,240,1.7378112077713013,0.6468771696090698,
0,241.0,9.999999747378752e-06,241,1.0897061824798584,0.4263015389442444,
0,242.0,9.999999747378752e-06,242,1.5462424755096436,0.5447876453399658,
0,243.0,9.999999747378752e-06,243,0.7587183713912964,0.25824177265167236,
0,244.0,9.999999747378752e-06,244,1.0227266550064087,0.5244318246841431,
0,245.0,9.999999747378752e-06,245,1.552791953086853,0.6239495873451233,
0,246.0,9.999999747378752e-06,246,1.288185954093933,0.6079059839248657,
0,247.0,9.999999747378752e-06,247,1.8124375343322754,0.550000011920929,
0,248.0,9.999999747378752e-06,248,0.6539846658706665,0.3720238208770752,
0,249.0,9.999999747378752e-06,249,1.897048830986023,0.832123875617981,
0,250.0,,249,,,0.3334245979785919
0,250.0,9.999999747378752e-06,250,1.3814505338668823,0.5930233001708984,
0,251.0,9.999999747378752e-06,251,1.3032143115997314,0.4122806787490845,
0,252.0,9.999999747378752e-06,252,0.8939923048019409,0.4749373495578766,
0,253.0,9.999999747378752e-06,253,1.2625330686569214,0.3346405327320099,
0,254.0,9.999999747378752e-06,254,1.276859998703003,0.47857141494750977,
0,255.0,9.999999747378752e-06,255,1.8667752742767334,0.612938642501831,
0,256.0,9.999999747378752e-06,256,1.2666897773742676,0.6621966361999512,
0,257.0,9.999999747378752e-06,257,1.133791208267212,0.43842363357543945,
0,258.0,9.999999747378752e-06,258,1.4112534523010254,0.6392961740493774,
0,259.0,9.999999747378752e-06,259,1.8594447374343872,0.5581613779067993,
0,260.0,9.999999747378752e-06,260,2.0566601753234863,0.7721088528633118,
0,261.0,9.999999747378752e-06,261,1.1940337419509888,0.5328947305679321,
0,262.0,9.999999747378752e-06,262,1.516132116317749,0.5814516544342041,
0,263.0,9.999999747378752e-06,263,0.9785473346710205,0.45671477913856506,
0,264.0,9.999999747378752e-06,264,1.001084327697754,0.40322577953338623,
0,265.0,9.999999747378752e-06,265,1.3014742136001587,0.48275864124298096,
0,266.0,9.999999747378752e-06,266,1.899985909461975,0.562820553779602,
0,267.0,9.999999747378752e-06,267,1.7129640579223633,0.5085605382919312,
0,268.0,9.999999747378752e-06,268,1.2458029985427856,0.40509259700775146,
0,269.0,9.999999747378752e-06,269,1.429235577583313,0.4124040901660919,
0,270.0,9.999999747378752e-06,270,1.615206241607666,0.5393120646476746,
0,271.0,9.999999747378752e-06,271,2.3920135498046875,0.8008021116256714,
0,272.0,9.999999747378752e-06,272,1.3197590112686157,0.5590909123420715,
0,273.0,9.999999747378752e-06,273,1.6974953413009644,0.5687134265899658,
0,274.0,9.999999747378752e-06,274,1.7878282070159912,0.6134170293807983,
0,275.0,9.999999747378752e-06,275,1.1703228950500488,0.45588237047195435,
0,276.0,9.999999747378752e-06,276,2.0311193466186523,0.6660052537918091,
0,277.0,9.999999747378752e-06,277,1.3743560314178467,0.4312436878681183,
0,278.0,9.999999747378752e-06,278,0.7895708084106445,0.3841361999511719,
0,279.0,9.999999747378752e-06,279,1.4159263372421265,0.6335806846618652,
0,280.0,9.999999747378752e-06,280,1.2377420663833618,0.5848675966262817,
0,281.0,9.999999747378752e-06,281,1.9952322244644165,0.8432835936546326,
0,282.0,9.999999747378752e-06,282,1.8616846799850464,0.6071428656578064,
0,283.0,9.999999747378752e-06,283,1.4513306617736816,0.5298686027526855,
0,284.0,9.999999747378752e-06,284,1.6252049207687378,0.6280701756477356,
0,285.0,9.999999747378752e-06,285,1.4173060655593872,0.46904969215393066,
0,286.0,9.999999747378752e-06,286,1.181192398071289,0.3664335608482361,
0,287.0,9.999999747378752e-06,287,0.9376571774482727,0.43908366560935974,
0,288.0,9.999999747378752e-06,288,1.4240174293518066,0.5583524107933044,
0,289.0,9.999999747378752e-06,289,1.0870742797851562,0.4885394275188446,
0,290.0,9.999999747378752e-06,290,1.793765902519226,0.7954545617103577,
0,291.0,9.999999747378752e-06,291,0.9802094101905823,0.4469496011734009,
0,292.0,9.999999747378752e-06,292,1.8782049417495728,0.6899038553237915,
0,293.0,9.999999747378752e-06,293,2.4412405490875244,0.7250000238418579,
0,294.0,9.999999747378752e-06,294,1.2432960271835327,0.4572981297969818,
0,295.0,9.999999747378752e-06,295,1.276969075202942,0.37684211134910583,
0,296.0,9.999999747378752e-06,296,1.0418320894241333,0.42482519149780273,
0,297.0,9.999999747378752e-06,297,1.1764856576919556,0.47413793206214905,
0,298.0,9.999999747378752e-06,298,1.177207350730896,0.45652174949645996,
0,299.0,9.999999747378752e-06,299,1.4830322265625,0.5874316692352295,
0,300.0,,299,,,0.31504008173942566
0,300.0,9.999999747378752e-06,300,1.0093194246292114,0.3170163333415985,
0,301.0,9.999999747378752e-06,301,1.6270008087158203,0.6383547186851501,
0,302.0,9.999999747378752e-06,302,1.3321276903152466,0.7269736528396606,
0,303.0,9.999999747378752e-06,303,1.436418890953064,0.6084682941436768,
0,304.0,9.999999747378752e-06,304,1.5599374771118164,0.5339285731315613,
0,305.0,9.999999747378752e-06,305,1.2875348329544067,0.40512821078300476,
0,306.0,9.999999747378752e-06,306,1.869152307510376,0.5472028255462646,
0,307.0,9.999999747378752e-06,307,0.8039685487747192,0.24710425734519958,
0,308.0,9.999999747378752e-06,308,1.577578067779541,0.7074058055877686,
0,309.0,9.999999747378752e-06,309,1.4458611011505127,0.6261904835700989,
0,310.0,9.999999747378752e-06,310,0.9118620753288269,0.4298918843269348,
0,311.0,9.999999747378752e-06,311,1.899482250213623,0.5867346525192261,
0,312.0,9.999999747378752e-06,312,1.4586595296859741,0.6239181756973267,
0,313.0,9.999999747378752e-06,313,1.19231379032135,0.34488213062286377,
0,314.0,9.999999747378752e-06,314,2.3698770999908447,0.6527272462844849,
0,315.0,9.999999747378752e-06,315,1.8858083486557007,0.47233203053474426,
0,316.0,9.999999747378752e-06,316,2.00634503364563,0.7035256624221802,
0,317.0,9.999999747378752e-06,317,1.5180026292800903,0.5703125,
0,318.0,9.999999747378752e-06,318,1.4575023651123047,0.541993260383606,
0,319.0,9.999999747378752e-06,319,1.1011985540390015,0.4264705777168274,
0,320.0,9.999999747378752e-06,320,0.9555243849754333,0.3167960047721863,
0,321.0,9.999999747378752e-06,321,1.241324782371521,0.5228174924850464,
0,322.0,9.999999747378752e-06,322,1.1974791288375854,0.47101449966430664,
0,323.0,9.999999747378752e-06,323,1.038816213607788,0.45104897022247314,
0,324.0,9.999999747378752e-06,324,0.7869542241096497,0.3270588517189026,
0,325.0,9.999999747378752e-06,325,1.2180306911468506,0.39423078298568726,
0,326.0,9.999999747378752e-06,326,0.9225412607192993,0.4234693944454193,
0,327.0,9.999999747378752e-06,327,0.8175718784332275,0.3235294222831726,
0,328.0,9.999999747378752e-06,328,1.487564206123352,0.5336538553237915,
0,329.0,9.999999747378752e-06,329,0.7590612173080444,0.4634742736816406,
0,330.0,9.999999747378752e-06,330,1.1638506650924683,0.5116539597511292,
0,331.0,9.999999747378752e-06,331,0.9097115993499756,0.5051851868629456,
0,332.0,9.999999747378752e-06,332,1.297026515007019,0.5307692289352417,
0,333.0,9.999999747378752e-06,333,1.8812413215637207,0.6659420132637024,
0,334.0,9.999999747378752e-06,334,1.2541900873184204,0.7035518884658813,
0,335.0,9.999999747378752e-06,335,0.8882116675376892,0.3556763231754303,
0,336.0,9.999999747378752e-06,336,1.1354542970657349,0.5535714626312256,
0,337.0,9.999999747378752e-06,337,0.829289972782135,0.5619239807128906,
0,338.0,9.999999747378752e-06,338,1.6898002624511719,0.5625889301300049,
0,339.0,9.999999747378752e-06,339,1.193820834159851,0.3632459342479706,
0,340.0,9.999999747378752e-06,340,1.1211718320846558,0.3222222328186035,
0,341.0,9.999999747378752e-06,341,0.9346328377723694,0.3496543765068054,
0,342.0,9.999999747378752e-06,342,0.8240144848823547,0.5862069129943848,
1,343.0,9.999999747378752e-06,343,1.444002628326416,0.4786206781864166,
1,344.0,9.999999747378752e-06,344,0.805742084980011,0.40692898631095886,
1,345.0,9.999999747378752e-06,345,0.8368428349494934,0.3819924592971802,
1,346.0,9.999999747378752e-06,346,1.2379841804504395,0.3871610760688782,
1,347.0,9.999999747378752e-06,347,1.157232642173767,0.4848484992980957,
1,348.0,9.999999747378752e-06,348,1.8304709196090698,0.5125973224639893,
1,349.0,9.999999747378752e-06,349,1.5932409763336182,0.6048069000244141,
1,350.0,,349,,,0.3070604205131531
1,350.0,9.999999747378752e-06,350,1.5331141948699951,0.6325757503509521,
1,351.0,9.999999747378752e-06,351,1.542935848236084,0.5687669515609741,
1,352.0,9.999999747378752e-06,352,2.4834413528442383,0.6931034326553345,
1,353.0,9.999999747378752e-06,353,1.2223963737487793,0.5200216174125671,
1,354.0,9.999999747378752e-06,354,1.3119425773620605,0.5496969819068909,
1,355.0,9.999999747378752e-06,355,1.716658353805542,0.5980392694473267,
1,356.0,9.999999747378752e-06,356,1.1761703491210938,0.4572303891181946,
1,357.0,9.999999747378752e-06,357,1.1845030784606934,0.5069169998168945,
1,358.0,9.999999747378752e-06,358,1.0673307180404663,0.4063706398010254,
1,359.0,9.999999747378752e-06,359,0.9561193585395813,0.43186938762664795,
1,360.0,9.999999747378752e-06,360,1.4369443655014038,0.6388888955116272,
1,361.0,9.999999747378752e-06,361,1.0290335416793823,0.4405374526977539,
1,362.0,9.999999747378752e-06,362,1.6484471559524536,0.7423809766769409,
1,363.0,9.999999747378752e-06,363,1.165860891342163,0.4850427508354187,
1,364.0,9.999999747378752e-06,364,1.2860729694366455,0.5142857432365417,
1,365.0,9.999999747378752e-06,365,0.7926270365715027,0.3034047782421112,
1,366.0,9.999999747378752e-06,366,0.5784974694252014,0.4698275923728943,
1,367.0,9.999999747378752e-06,367,0.7346614599227905,0.34285715222358704,
1,368.0,9.999999747378752e-06,368,1.4752492904663086,0.5686046481132507,
1,369.0,9.999999747378752e-06,369,1.4350258111953735,0.4212903082370758,
1,370.0,9.999999747378752e-06,370,1.329034447669983,0.5053763389587402,
1,371.0,9.999999747378752e-06,371,0.7899879217147827,0.33861440420150757,
1,372.0,9.999999747378752e-06,372,1.1269183158874512,0.5041666626930237,
1,373.0,9.999999747378752e-06,373,1.508105754852295,0.6868686676025391,
1,374.0,9.999999747378752e-06,374,1.696492314338684,0.554125964641571,
1,375.0,9.999999747378752e-06,375,1.5115578174591064,0.4316239356994629,
1,376.0,9.999999747378752e-06,376,1.2657508850097656,0.42443180084228516,
1,377.0,9.999999747378752e-06,377,0.9555012583732605,0.41411203145980835,
1,378.0,9.999999747378752e-06,378,0.6517236232757568,0.22580644488334656,
1,379.0,9.999999747378752e-06,379,1.3319052457809448,0.4834368824958801,
1,380.0,9.999999747378752e-06,380,0.6602528095245361,0.29949843883514404,
1,381.0,9.999999747378752e-06,381,1.3900660276412964,0.6521297693252563,
1,382.0,9.999999747378752e-06,382,1.6550562381744385,0.8198757767677307,
1,383.0,9.999999747378752e-06,383,0.8587715029716492,0.31757092475891113,
1,384.0,9.999999747378752e-06,384,1.1340967416763306,0.47373950481414795,
1,385.0,9.999999747378752e-06,385,1.2948405742645264,0.612407386302948,
1,386.0,9.999999747378752e-06,386,0.8869336843490601,0.27020201086997986,
1,387.0,9.999999747378752e-06,387,0.7905012369155884,0.4375,
1,388.0,9.999999747378752e-06,388,1.6968218088150024,0.6041666865348816,
1,389.0,9.999999747378752e-06,389,0.8436669111251831,0.2935065031051636,
1,390.0,9.999999747378752e-06,390,1.6369655132293701,0.7200000286102295,
1,391.0,9.999999747378752e-06,391,1.1377164125442505,0.34558823704719543,
1,392.0,9.999999747378752e-06,392,1.492280125617981,0.5711427927017212,
1,393.0,9.999999747378752e-06,393,1.2720518112182617,0.38273757696151733,
1,394.0,9.999999747378752e-06,394,1.9653105735778809,0.5374331474304199,
1,395.0,9.999999747378752e-06,395,1.0568459033966064,0.5857143402099609,
1,396.0,9.999999747378752e-06,396,0.9881830215454102,0.4285714328289032,
1,397.0,9.999999747378752e-06,397,1.1797658205032349,0.5272045135498047,
1,398.0,9.999999747378752e-06,398,1.4525681734085083,0.5269607901573181,
1,399.0,9.999999747378752e-06,399,0.9669954776763916,0.5541125535964966,
1,400.0,,399,,,0.3103070557117462
1,400.0,9.999999747378752e-06,400,1.2502328157424927,0.4013303816318512,
1,401.0,9.999999747378752e-06,401,1.900469422340393,0.4523809552192688,
1,402.0,9.999999747378752e-06,402,0.9342750906944275,0.4246305227279663,
1,403.0,9.999999747378752e-06,403,1.459204077720642,0.42490118741989136,
1,404.0,9.999999747378752e-06,404,1.2318159341812134,0.4313725531101227,
1,405.0,9.999999747378752e-06,405,0.93379145860672,0.39803439378738403,
1,406.0,9.999999747378752e-06,406,1.8657382726669312,0.6396198868751526,
1,407.0,9.999999747378752e-06,407,1.5175812244415283,0.6225296258926392,
1,408.0,9.999999747378752e-06,408,2.4975550174713135,0.817307710647583,
1,409.0,9.999999747378752e-06,409,1.2546151876449585,0.46675193309783936,
1,410.0,9.999999747378752e-06,410,1.6837904453277588,0.716911792755127,
1,411.0,9.999999747378752e-06,411,0.9949827194213867,0.45954108238220215,
1,412.0,9.999999747378752e-06,412,2.4462287425994873,0.9130434989929199,
1,413.0,9.999999747378752e-06,413,2.5327916145324707,0.695852518081665,
1,414.0,9.999999747378752e-06,414,1.3980785608291626,0.49702584743499756,
1,415.0,9.999999747378752e-06,415,1.1266505718231201,0.46820175647735596,
1,416.0,9.999999747378752e-06,416,1.5048446655273438,0.7229166626930237,
1,417.0,9.999999747378752e-06,417,0.9929492473602295,0.29153603315353394,
1,418.0,9.999999747378752e-06,418,0.9285107851028442,0.489130437374115,
1,419.0,9.999999747378752e-06,419,1.2023744583129883,0.5879917144775391,
1,420.0,9.999999747378752e-06,420,1.2173436880111694,0.467717707157135,
1,421.0,9.999999747378752e-06,421,1.386014699935913,0.550000011920929,
1,422.0,9.999999747378752e-06,422,0.9344395995140076,0.411476731300354,
1,423.0,9.999999747378752e-06,423,1.7765140533447266,0.738095223903656,
1,424.0,9.999999747378752e-06,424,1.2398102283477783,0.30744948983192444,
1,425.0,9.999999747378752e-06,425,1.604711890220642,0.5673311352729797,
1,426.0,9.999999747378752e-06,426,1.047939419746399,0.47083333134651184,
1,427.0,9.999999747378752e-06,427,0.9896131753921509,0.40339550375938416,
1,428.0,9.999999747378752e-06,428,1.3860924243927002,0.6581614017486572,
1,429.0,9.999999747378752e-06,429,1.1585438251495361,0.4135245680809021,
1,430.0,9.999999747378752e-06,430,1.3406016826629639,0.5642857551574707,
1,431.0,9.999999747378752e-06,431,1.1280810832977295,0.4051724076271057,
1,432.0,9.999999747378752e-06,432,0.8351893424987793,0.3915441036224365,
1,433.0,9.999999747378752e-06,433,1.505829930305481,0.5303030610084534,
1,434.0,9.999999747378752e-06,434,1.100137710571289,0.3484848737716675,
1,435.0,9.999999747378752e-06,435,1.775883674621582,0.7291666269302368,
1,436.0,9.999999747378752e-06,436,1.5258859395980835,0.6027649641036987,
1,437.0,9.999999747378752e-06,437,1.5374990701675415,0.6968085169792175,
1,438.0,9.999999747378752e-06,438,1.368891716003418,0.5791535973548889,
1,439.0,9.999999747378752e-06,439,1.5946694612503052,0.5935267210006714,
1,440.0,9.999999747378752e-06,440,1.3052438497543335,0.6709677577018738,
1,441.0,9.999999747378752e-06,441,1.118800401687622,0.5400000214576721,
1,442.0,9.999999747378752e-06,442,1.6012071371078491,0.692307710647583,
1,443.0,9.999999747378752e-06,443,1.1763938665390015,0.42471590638160706,
1,444.0,9.999999747378752e-06,444,0.9887454509735107,0.3708791136741638,
1,445.0,9.999999747378752e-06,445,1.6742314100265503,0.6154255270957947,
1,446.0,9.999999747378752e-06,446,1.0911927223205566,0.42143526673316956,
1,447.0,9.999999747378752e-06,447,1.3237876892089844,0.5095694065093994,
1,448.0,9.999999747378752e-06,448,1.3870596885681152,0.44191282987594604,
1,449.0,9.999999747378752e-06,449,1.3823896646499634,0.49640804529190063,
1,450.0,,449,,,0.3033835291862488
1,450.0,9.999999747378752e-06,450,1.347782850265503,0.5723754167556763,
1,451.0,9.999999747378752e-06,451,1.160860538482666,0.5486111044883728,
1,452.0,9.999999747378752e-06,452,0.8454275727272034,0.41295045614242554,
1,453.0,9.999999747378752e-06,453,1.226393222808838,0.4849865138530731,
1,454.0,9.999999747378752e-06,454,1.3701612949371338,0.3443181812763214,
1,455.0,9.999999747378752e-06,455,1.043383002281189,0.41159090399742126,
1,456.0,9.999999747378752e-06,456,1.349668025970459,0.4267857074737549,
1,457.0,9.999999747378752e-06,457,1.5297826528549194,0.5625,
1,458.0,9.999999747378752e-06,458,1.5042827129364014,0.49593496322631836,
1,459.0,9.999999747378752e-06,459,1.19761061668396,0.5639951825141907,
1,460.0,9.999999747378752e-06,460,1.0319552421569824,0.5190476179122925,
1,461.0,9.999999747378752e-06,461,1.0806162357330322,0.49267399311065674,
1,462.0,9.999999747378752e-06,462,1.4556597471237183,0.6000000238418579,
1,463.0,9.999999747378752e-06,463,1.4439131021499634,0.49957847595214844,
1,464.0,9.999999747378752e-06,464,0.7940530180931091,0.2994228005409241,
1,465.0,9.999999747378752e-06,465,1.1880160570144653,0.5869898200035095,
1,466.0,9.999999747378752e-06,466,0.9385859966278076,0.46803995966911316,
1,467.0,9.999999747378752e-06,467,0.9804595112800598,0.36538460850715637,
1,468.0,9.999999747378752e-06,468,1.3746730089187622,0.5435663461685181,
1,469.0,9.999999747378752e-06,469,1.2331434488296509,0.4315726161003113,
1,470.0,9.999999747378752e-06,470,1.362328290939331,0.5968992114067078,
1,471.0,9.999999747378752e-06,471,1.4025685787200928,0.5170527696609497,
1,472.0,9.999999747378752e-06,472,1.1764780282974243,0.3700750470161438,
1,473.0,9.999999747378752e-06,473,1.161458969116211,0.4610805809497833,
1,474.0,9.999999747378752e-06,474,2.3355841636657715,0.6851851940155029,
1,475.0,9.999999747378752e-06,475,1.4386430978775024,0.39411765336990356,
1,476.0,9.999999747378752e-06,476,0.8932799100875854,0.28863635659217834,
1,477.0,9.999999747378752e-06,477,1.3684574365615845,0.527898907661438,
1,478.0,9.999999747378752e-06,478,0.8247864842414856,0.5050466060638428,
1,479.0,9.999999747378752e-06,479,1.0214859247207642,0.3523608446121216,
1,480.0,9.999999747378752e-06,480,1.4263405799865723,0.48178136348724365,
1,481.0,9.999999747378752e-06,481,1.6558037996292114,0.6387931108474731,
1,482.0,9.999999747378752e-06,482,0.9536827802658081,0.313881516456604,
1,483.0,9.999999747378752e-06,483,1.317168116569519,0.561935305595398,
1,484.0,9.999999747378752e-06,484,0.7993121147155762,0.3009302318096161,
1,485.0,9.999999747378752e-06,485,1.268742322921753,0.4300000071525574,
1,486.0,9.999999747378752e-06,486,1.8608384132385254,0.7107007503509521,
1,487.0,9.999999747378752e-06,487,3.404374122619629,0.800000011920929,
1,488.0,9.999999747378752e-06,488,0.9608789086341858,0.3139992952346802,
1,489.0,9.999999747378752e-06,489,1.223341703414917,0.393211305141449,
1,490.0,9.999999747378752e-06,490,1.2790151834487915,0.5151068568229675,
1,491.0,9.999999747378752e-06,491,0.8307475447654724,0.48502305150032043,
1,492.0,9.999999747378752e-06,492,0.6865442991256714,0.3799172043800354,
1,493.0,9.999999747378752e-06,493,1.6875685453414917,0.4371921122074127,
1,494.0,9.999999747378752e-06,494,1.0857747793197632,0.5059523582458496,
1,495.0,9.999999747378752e-06,495,0.950347900390625,0.4248533546924591,
1,496.0,9.999999747378752e-06,496,2.1665432453155518,0.7369281053543091,
1,497.0,9.999999747378752e-06,497,1.063498854637146,0.5563725233078003,
1,498.0,9.999999747378752e-06,498,0.8098744750022888,0.4214320778846741,
1,499.0,9.999999747378752e-06,499,0.8490595817565918,0.37196969985961914,
1,500.0,,499,,,0.2975943684577942
1,500.0,9.999999747378752e-06,500,0.9921157956123352,0.5007166266441345,
1,501.0,9.999999747378752e-06,501,2.008505344390869,0.5416666269302368,
1,502.0,9.999999747378752e-06,502,1.2203795909881592,0.4901185631752014,
1,503.0,9.999999747378752e-06,503,1.0849580764770508,0.3300950825214386,
1,504.0,9.999999747378752e-06,504,1.8503345251083374,0.6117216348648071,
1,505.0,9.999999747378752e-06,505,1.1685349941253662,0.4234375059604645,
1,506.0,9.999999747378752e-06,506,1.7533844709396362,0.5659536719322205,
1,507.0,9.999999747378752e-06,507,1.0663270950317383,0.48613595962524414,
1,508.0,9.999999747378752e-06,508,0.941989541053772,0.45043861865997314,
1,509.0,9.999999747378752e-06,509,1.2790778875350952,0.5367892980575562,
1,510.0,9.999999747378752e-06,510,1.0196691751480103,0.44220778346061707,
1,511.0,9.999999747378752e-06,511,1.1667131185531616,0.3973214328289032,
1,512.0,9.999999747378752e-06,512,0.8309569954872131,0.3810194730758667,
1,513.0,9.999999747378752e-06,513,0.7994642853736877,0.307407408952713,
1,514.0,9.999999747378752e-06,514,2.762089252471924,0.8333333730697632,
1,515.0,9.999999747378752e-06,515,1.0723153352737427,0.4989550709724426,
1,516.0,9.999999747378752e-06,516,1.1698014736175537,0.45673078298568726,
1,517.0,9.999999747378752e-06,517,1.1527131795883179,0.4413461685180664,
1,518.0,9.999999747378752e-06,518,0.7809562683105469,0.41560664772987366,
1,519.0,9.999999747378752e-06,519,1.7044332027435303,0.6333333253860474,
1,520.0,9.999999747378752e-06,520,1.4868611097335815,0.5438889265060425,
1,521.0,9.999999747378752e-06,521,1.078799843788147,0.4444444477558136,
1,522.0,9.999999747378752e-06,522,1.3369548320770264,0.44896113872528076,
1,523.0,9.999999747378752e-06,523,1.1961654424667358,0.5113043189048767,
1,524.0,9.999999747378752e-06,524,1.7064770460128784,0.5530303120613098,
1,525.0,9.999999747378752e-06,525,1.1277978420257568,0.32512733340263367,
1,526.0,9.999999747378752e-06,526,0.9902454018592834,0.477011501789093,
1,527.0,9.999999747378752e-06,527,1.3587371110916138,0.521336555480957,
1,528.0,9.999999747378752e-06,528,1.97052800655365,0.5332480669021606,
1,529.0,9.999999747378752e-06,529,1.1802867650985718,0.4866102933883667,
1,530.0,9.999999747378752e-06,530,1.4732948541641235,0.568951427936554,
1,531.0,9.999999747378752e-06,531,1.0342541933059692,0.49592745304107666,
1,532.0,9.999999747378752e-06,532,2.2505133152008057,0.6006787419319153,
1,533.0,9.999999747378752e-06,533,1.461701512336731,0.49395447969436646,
1,534.0,9.999999747378752e-06,534,0.8746991157531738,0.3090481758117676,
1,535.0,9.999999747378752e-06,535,1.0120669603347778,0.49425286054611206,
1,536.0,9.999999747378752e-06,536,1.1792521476745605,0.3956349194049835,
1,537.0,9.999999747378752e-06,537,1.1401978731155396,0.35555556416511536,
1,538.0,9.999999747378752e-06,538,1.2116272449493408,0.6400256156921387,
1,539.0,9.999999747378752e-06,539,1.034561038017273,0.41876429319381714,
1,540.0,9.999999747378752e-06,540,1.0826497077941895,0.5840336084365845,
1,541.0,9.999999747378752e-06,541,0.8994054794311523,0.30100181698799133,
1,542.0,9.999999747378752e-06,542,1.0651346445083618,0.34285715222358704,
1,543.0,9.999999747378752e-06,543,0.8472229242324829,0.40964052081108093,
1,544.0,9.999999747378752e-06,544,0.8948525190353394,0.37472254037857056,
1,545.0,9.999999747378752e-06,545,1.544082760810852,0.5094696879386902,
1,546.0,9.999999747378752e-06,546,0.9051333665847778,0.3217121660709381,
1,547.0,9.999999747378752e-06,547,1.5284899473190308,0.5556772947311401,
1,548.0,9.999999747378752e-06,548,0.865053653717041,0.3775178790092468,
1,549.0,9.999999747378752e-06,549,1.549277424812317,0.5628787875175476,
1,550.0,,549,,,0.2989242970943451
1,550.0,9.999999747378752e-06,550,1.4545286893844604,0.739130437374115,
1,551.0,9.999999747378752e-06,551,0.7904582619667053,0.4459691345691681,
1,552.0,9.999999747378752e-06,552,0.901534378528595,0.3553459048271179,
1,553.0,9.999999747378752e-06,553,0.9536932706832886,0.3720238208770752,
1,554.0,9.999999747378752e-06,554,1.7181081771850586,0.5357142686843872,
1,555.0,9.999999747378752e-06,555,1.224125623703003,0.4122636318206787,
1,556.0,9.999999747378752e-06,556,1.315622329711914,0.41638511419296265,
1,557.0,9.999999747378752e-06,557,1.970746636390686,0.6216216087341309,
1,558.0,9.999999747378752e-06,558,1.3724336624145508,0.5752118825912476,
1,559.0,9.999999747378752e-06,559,0.8708215355873108,0.4125000238418579,
1,560.0,9.999999747378752e-06,560,1.127520203590393,0.6028261184692383,
1,561.0,9.999999747378752e-06,561,1.8495670557022095,0.6395348906517029,
1,562.0,9.999999747378752e-06,562,1.320373773574829,0.5454545617103577,
1,563.0,9.999999747378752e-06,563,0.9856603145599365,0.3511904776096344,
1,564.0,9.999999747378752e-06,564,3.416645050048828,0.6515151262283325,
1,565.0,9.999999747378752e-06,565,1.5452520847320557,0.4072681665420532,
1,566.0,9.999999747378752e-06,566,0.680694580078125,0.342342346906662,
1,567.0,9.999999747378752e-06,567,0.9803228974342346,0.498892605304718,
1,568.0,9.999999747378752e-06,568,1.6508764028549194,0.5715447664260864,
1,569.0,9.999999747378752e-06,569,1.133103609085083,0.431837797164917,
1,570.0,9.999999747378752e-06,570,0.8814621567726135,0.4423912763595581,
1,571.0,9.999999747378752e-06,571,1.5004284381866455,0.5405982732772827,
1,572.0,9.999999747378752e-06,572,1.0865458250045776,0.3970588445663452,
1,573.0,9.999999747378752e-06,573,1.6725107431411743,0.667272686958313,
1,574.0,9.999999747378752e-06,574,1.339523196220398,0.5056818127632141,
1,575.0,9.999999747378752e-06,575,1.356321930885315,0.4678683280944824,
1,576.0,9.999999747378752e-06,576,1.357047438621521,0.48269230127334595,
1,577.0,9.999999747378752e-06,577,0.8207265734672546,0.4134182929992676,
1,578.0,9.999999747378752e-06,578,1.156716227531433,0.38106468319892883,
1,579.0,9.999999747378752e-06,579,0.964708685874939,0.3497312664985657,
1,580.0,9.999999747378752e-06,580,1.2949575185775757,0.5062159895896912,
1,581.0,9.999999747378752e-06,581,1.0088396072387695,0.348996639251709,
1,582.0,9.999999747378752e-06,582,1.407534122467041,0.5562660098075867,
1,583.0,9.999999747378752e-06,583,1.8933213949203491,0.6759259700775146,
1,584.0,9.999999747378752e-06,584,1.4901288747787476,0.4812297224998474,
1,585.0,9.999999747378752e-06,585,1.531063437461853,0.6647058725357056,
1,586.0,9.999999747378752e-06,586,1.6813637018203735,0.6133005023002625,
1,587.0,9.999999747378752e-06,587,1.7370795011520386,0.6100000143051147,
1,588.0,9.999999747378752e-06,588,1.2743983268737793,0.5769230723381042,
1,589.0,9.999999747378752e-06,589,1.4427695274353027,0.5821078419685364,
1,590.0,9.999999747378752e-06,590,1.2098643779754639,0.4333333373069763,
1,591.0,9.999999747378752e-06,591,1.1724562644958496,0.3106451630592346,
1,592.0,9.999999747378752e-06,592,1.0832481384277344,0.45075157284736633,
1,593.0,9.999999747378752e-06,593,0.7558456659317017,0.42867231369018555,
1,594.0,9.999999747378752e-06,594,1.5587466955184937,0.613095223903656,
1,595.0,9.999999747378752e-06,595,1.2106577157974243,0.49444445967674255,
1,596.0,9.999999747378752e-06,596,1.4786490201950073,0.4469696879386902,
1,597.0,9.999999747378752e-06,597,1.0375428199768066,0.5733391046524048,
1,598.0,9.999999747378752e-06,598,0.851514995098114,0.44963371753692627,
1,599.0,9.999999747378752e-06,599,0.8509658575057983,0.28767749667167664,
1,600.0,,599,,,0.29489535093307495
1,600.0,9.999999747378752e-06,600,1.2451002597808838,0.4556856155395508,
1,601.0,9.999999747378752e-06,601,0.7771489024162292,0.383705198764801,
1,602.0,9.999999747378752e-06,602,1.691098690032959,0.4289516806602478,
1,603.0,9.999999747378752e-06,603,1.4679512977600098,0.5546875,
1,604.0,9.999999747378752e-06,604,1.046349048614502,0.4851852059364319,
1,605.0,9.999999747378752e-06,605,1.064071774482727,0.6020230054855347,
1,606.0,9.999999747378752e-06,606,1.1791870594024658,0.4119601249694824,
1,607.0,9.999999747378752e-06,607,1.3818153142929077,0.5677655935287476,
1,608.0,9.999999747378752e-06,608,1.6302638053894043,0.6621767282485962,
1,609.0,9.999999747378752e-06,609,0.9729239344596863,0.48466435074806213,
1,610.0,9.999999747378752e-06,610,0.6669331192970276,0.2882051467895508,
1,611.0,9.999999747378752e-06,611,1.160821557044983,0.5343980193138123,
1,612.0,9.999999747378752e-06,612,1.3361886739730835,0.5443143844604492,
1,613.0,9.999999747378752e-06,613,0.8606643676757812,0.43948742747306824,
1,614.0,9.999999747378752e-06,614,0.9905670285224915,0.413617879152298,
1,615.0,9.999999747378752e-06,615,1.1479240655899048,0.44019609689712524,
1,616.0,9.999999747378752e-06,616,0.8212116956710815,0.2934473156929016,
1,617.0,9.999999747378752e-06,617,0.6731101870536804,0.3540703058242798,
1,618.0,9.999999747378752e-06,618,0.8457778692245483,0.3264957368373871,
1,619.0,9.999999747378752e-06,619,0.95050448179245,0.34731706976890564,
1,620.0,9.999999747378752e-06,620,0.8832138776779175,0.5151515007019043,
1,621.0,9.999999747378752e-06,621,0.8977777361869812,0.36215537786483765,
1,622.0,9.999999747378752e-06,622,0.815575122833252,0.43910256028175354,
1,623.0,9.999999747378752e-06,623,0.8980992436408997,0.31765955686569214,
1,624.0,9.999999747378752e-06,624,1.824636697769165,0.5205108523368835,
1,625.0,9.999999747378752e-06,625,1.1202690601348877,0.399394154548645,
1,626.0,9.999999747378752e-06,626,1.0184357166290283,0.4017302691936493,
1,627.0,9.999999747378752e-06,627,1.1255066394805908,0.43843844532966614,
1,628.0,9.999999747378752e-06,628,0.7621342539787292,0.3146551847457886,
1,629.0,9.999999747378752e-06,629,0.8595365881919861,0.44736844301223755,
1,630.0,9.999999747378752e-06,630,0.6567258238792419,0.3500325083732605,
1,631.0,9.999999747378752e-06,631,0.8587621450424194,0.3690909147262573,
1,632.0,9.999999747378752e-06,632,0.7844933271408081,0.41935116052627563,
1,633.0,9.999999747378752e-06,633,1.1996899843215942,0.3844696879386902,
1,634.0,9.999999747378752e-06,634,1.1069575548171997,0.5058558583259583,
1,635.0,9.999999747378752e-06,635,0.9247304201126099,0.3474358916282654,
1,636.0,9.999999747378752e-06,636,1.2124645709991455,0.41280239820480347,
1,637.0,9.999999747378752e-06,637,1.3307642936706543,0.6228070259094238,
1,638.0,9.999999747378752e-06,638,0.9378494024276733,0.44602274894714355,
1,639.0,9.999999747378752e-06,639,1.718359351158142,0.5478261113166809,
1,640.0,9.999999747378752e-06,640,1.1693309545516968,0.5027173757553101,
1,641.0,9.999999747378752e-06,641,1.1799335479736328,0.5941176414489746,
1,642.0,9.999999747378752e-06,642,0.8051864504814148,0.3545454740524292,
1,643.0,9.999999747378752e-06,643,1.0667738914489746,0.3680555522441864,
1,644.0,9.999999747378752e-06,644,0.691838264465332,0.3402002453804016,
1,645.0,9.999999747378752e-06,645,1.0413779020309448,0.38351553678512573,
1,646.0,9.999999747378752e-06,646,3.244032621383667,0.9600000381469727,
1,647.0,9.999999747378752e-06,647,1.5945879220962524,0.5166666507720947,
1,648.0,9.999999747378752e-06,648,1.4524716138839722,0.38141027092933655,
1,649.0,9.999999747378752e-06,649,0.8939663767814636,0.3679032325744629,
1,650.0,,649,,,0.2836299538612366
1,650.0,9.999999747378752e-06,650,1.3866839408874512,0.6409090757369995,
1,651.0,9.999999747378752e-06,651,0.9735631942749023,0.37851661443710327,
1,652.0,9.999999747378752e-06,652,0.8459390997886658,0.529891312122345,
1,653.0,9.999999747378752e-06,653,0.9244750738143921,0.4479166865348816,
1,654.0,9.999999747378752e-06,654,1.0872312784194946,0.3660130798816681,
1,655.0,9.999999747378752e-06,655,1.2762497663497925,0.5155971646308899,
1,656.0,9.999999747378752e-06,656,1.1931017637252808,0.4778708219528198,
1,657.0,9.999999747378752e-06,657,1.5139617919921875,0.5055555701255798,
1,658.0,9.999999747378752e-06,658,1.5680030584335327,0.5385005474090576,
1,659.0,9.999999747378752e-06,659,0.9644456505775452,0.37681159377098083,
1,660.0,9.999999747378752e-06,660,0.8765221834182739,0.3956916332244873,
1,661.0,9.999999747378752e-06,661,1.1131770610809326,0.22504457831382751,
1,662.0,9.999999747378752e-06,662,1.8617160320281982,0.7165848016738892,
1,663.0,9.999999747378752e-06,663,0.6155709028244019,0.2739361524581909,
1,664.0,9.999999747378752e-06,664,1.367676854133606,0.550000011920929,
1,665.0,9.999999747378752e-06,665,1.1347639560699463,0.5407573580741882,
1,666.0,9.999999747378752e-06,666,1.771959662437439,0.8026315569877625,
1,667.0,9.999999747378752e-06,667,1.409401774406433,0.4879661202430725,
1,668.0,9.999999747378752e-06,668,1.0202159881591797,0.4192405045032501,
1,669.0,9.999999747378752e-06,669,1.2841742038726807,0.7878150939941406,
1,670.0,9.999999747378752e-06,670,1.0324245691299438,0.375,
1,671.0,9.999999747378752e-06,671,1.885318636894226,0.5476190447807312,
1,672.0,9.999999747378752e-06,672,0.7225974798202515,0.27222222089767456,
1,673.0,9.999999747378752e-06,673,1.0232287645339966,0.41025641560554504,
1,674.0,9.999999747378752e-06,674,1.3168811798095703,0.5611110925674438,
1,675.0,9.999999747378752e-06,675,1.0201612710952759,0.4802737236022949,
1,676.0,9.999999747378752e-06,676,1.2947453260421753,0.515813946723938,
1,677.0,9.999999747378752e-06,677,0.8903185129165649,0.3810344934463501,
1,678.0,9.999999747378752e-06,678,2.108346462249756,0.7254838943481445,
1,679.0,9.999999747378752e-06,679,0.8336352705955505,0.32148393988609314,
1,680.0,9.999999747378752e-06,680,1.3363912105560303,0.42034316062927246,
1,681.0,9.999999747378752e-06,681,0.8662184476852417,0.41573381423950195,
1,682.0,9.999999747378752e-06,682,1.937440037727356,0.7066666483879089,
1,683.0,9.999999747378752e-06,683,1.1734591722488403,0.3815789520740509,
1,684.0,9.999999747378752e-06,684,1.8786309957504272,0.7671957612037659,
1,685.0,9.999999747378752e-06,685,1.8690102100372314,0.6428571343421936,
2,686.0,9.999999747378752e-06,686,1.3170114755630493,0.35752689838409424,
2,687.0,9.999999747378752e-06,687,1.7755417823791504,0.7171717286109924,
2,688.0,9.999999747378752e-06,688,1.3968302011489868,0.5982906222343445,
2,689.0,9.999999747378752e-06,689,2.3576040267944336,0.6814285516738892,
2,690.0,9.999999747378752e-06,690,1.2117724418640137,0.5064935088157654,
2,691.0,9.999999747378752e-06,691,1.072060465812683,0.4527529776096344,
2,692.0,9.999999747378752e-06,692,0.5694239735603333,0.22132551670074463,
2,693.0,9.999999747378752e-06,693,0.8407442569732666,0.44832825660705566,
2,694.0,9.999999747378752e-06,694,1.5596935749053955,0.4983862638473511,
2,695.0,9.999999747378752e-06,695,0.9820123910903931,0.39444446563720703,
2,696.0,9.999999747378752e-06,696,2.3570165634155273,0.7775040864944458,
2,697.0,9.999999747378752e-06,697,1.088807463645935,0.5266233682632446,
2,698.0,9.999999747378752e-06,698,0.7152293920516968,0.24898990988731384,
2,699.0,9.999999747378752e-06,699,0.7133085131645203,0.5138888955116272,
2,700.0,,699,,,0.2892235517501831
2,700.0,9.999999747378752e-06,700,1.6205487251281738,0.5023041367530823,
2,701.0,9.999999747378752e-06,701,0.9411186575889587,0.39830508828163147,
2,702.0,9.999999747378752e-06,702,1.0046263933181763,0.4290151000022888,
2,703.0,9.999999747378752e-06,703,0.855507493019104,0.523349404335022,
2,704.0,9.999999747378752e-06,704,0.8150398135185242,0.3169642686843872,
2,705.0,9.999999747378752e-06,705,0.8793774843215942,0.4725040793418884,
2,706.0,9.999999747378752e-06,706,0.9480622410774231,0.49654531478881836,
2,707.0,9.999999747378752e-06,707,1.0159863233566284,0.32608693838119507,
2,708.0,9.999999747378752e-06,708,1.2231322526931763,0.514102578163147,
2,709.0,9.999999747378752e-06,709,0.7681402564048767,0.3184865713119507,
2,710.0,9.999999747378752e-06,710,0.6860969066619873,0.37141215801239014,
2,711.0,9.999999747378752e-06,711,1.3488301038742065,0.42125236988067627,
2,712.0,9.999999747378752e-06,712,1.235080599784851,0.5304054021835327,
2,713.0,9.999999747378752e-06,713,1.0119837522506714,0.3804347813129425,
2,714.0,9.999999747378752e-06,714,1.9718023538589478,0.6718146800994873,
2,715.0,9.999999747378752e-06,715,1.074766993522644,0.42739129066467285,
2,716.0,9.999999747378752e-06,716,1.402234673500061,0.5513392686843872,
2,717.0,9.999999747378752e-06,717,1.588724970817566,0.5524296760559082,
2,718.0,9.999999747378752e-06,718,0.8808759450912476,0.4066033363342285,
2,719.0,9.999999747378752e-06,719,1.0529004335403442,0.3734491169452667,
2,720.0,9.999999747378752e-06,720,0.8166942596435547,0.2875264286994934,
2,721.0,9.999999747378752e-06,721,1.1151964664459229,0.31972789764404297,
2,722.0,9.999999747378752e-06,722,0.647648274898529,0.33611249923706055,
2,723.0,9.999999747378752e-06,723,1.0563151836395264,0.4237891733646393,
2,724.0,9.999999747378752e-06,724,0.8357113599777222,0.2606469988822937,
2,725.0,9.999999747378752e-06,725,1.251176357269287,0.4396969676017761,
2,726.0,9.999999747378752e-06,726,1.2126344442367554,0.44896334409713745,
2,727.0,9.999999747378752e-06,727,1.5123893022537231,0.5885167121887207,
2,728.0,9.999999747378752e-06,728,0.8364061117172241,0.3148648738861084,
2,729.0,9.999999747378752e-06,729,1.6444562673568726,0.6419915556907654,
2,730.0,9.999999747378752e-06,730,1.5117971897125244,0.6208791136741638,
2,731.0,9.999999747378752e-06,731,1.1787257194519043,0.4263502359390259,
2,732.0,9.999999747378752e-06,732,0.7152009010314941,0.3341369330883026,
2,733.0,9.999999747378752e-06,733,1.0386674404144287,0.45290425419807434,
2,734.0,9.999999747378752e-06,734,1.2242159843444824,0.4890202581882477,
2,735.0,9.999999747378752e-06,735,1.2221239805221558,0.365686297416687,
2,736.0,9.999999747378752e-06,736,1.6107861995697021,0.45187869668006897,
2,737.0,9.999999747378752e-06,737,0.7752401828765869,0.2549107074737549,
2,738.0,9.999999747378752e-06,738,1.1562983989715576,0.45626479387283325,
2,739.0,9.999999747378752e-06,739,1.0495953559875488,0.47759854793548584,
2,740.0,9.999999747378752e-06,740,1.2483288049697876,0.4257703125476837,
2,741.0,9.999999747378752e-06,741,1.1292709112167358,0.4280112385749817,
2,742.0,9.999999747378752e-06,742,0.7880760431289673,0.372026264667511,
2,743.0,9.999999747378752e-06,743,0.9263222217559814,0.44451871514320374,
2,744.0,9.999999747378752e-06,744,0.7014194130897522,0.3121212124824524,
2,745.0,9.999999747378752e-06,745,0.8732835650444031,0.3726053833961487,
2,746.0,9.999999747378752e-06,746,2.471703290939331,0.6015037298202515,
2,747.0,9.999999747378752e-06,747,1.1171187162399292,0.48106062412261963,
2,748.0,9.999999747378752e-06,748,0.7503154873847961,0.2938578724861145,
2,749.0,9.999999747378752e-06,749,1.054311990737915,0.2510683834552765,
2,750.0,,749,,,0.28863680362701416
2,750.0,9.999999747378752e-06,750,1.1861473321914673,0.4409722089767456,
2,751.0,9.999999747378752e-06,751,1.2921197414398193,0.6285529732704163,
2,752.0,9.999999747378752e-06,752,1.3267956972122192,0.5564103126525879,
2,753.0,9.999999747378752e-06,753,1.7200292348861694,0.5494505763053894,
2,754.0,9.999999747378752e-06,754,1.4220128059387207,0.4818660020828247,
2,755.0,9.999999747378752e-06,755,0.7867298126220703,0.348499059677124,
2,756.0,9.999999747378752e-06,756,0.7389421463012695,0.3089295029640198,
2,757.0,9.999999747378752e-06,757,1.428684115409851,0.514161229133606,
2,758.0,9.999999747378752e-06,758,1.3032630681991577,0.47490349411964417,
2,759.0,9.999999747378752e-06,759,0.9322580099105835,0.43030303716659546,
2,760.0,9.999999747378752e-06,760,0.8262757658958435,0.41702741384506226,
2,761.0,9.999999747378752e-06,761,1.3098869323730469,0.4542349576950073,
2,762.0,9.999999747378752e-06,762,1.2576136589050293,0.40058648586273193,
2,763.0,9.999999747378752e-06,763,1.239548921585083,0.5672414302825928,
2,764.0,9.999999747378752e-06,764,0.7232266664505005,0.35418036580085754,
2,765.0,9.999999747378752e-06,765,1.6208499670028687,0.8809523582458496,
2,766.0,9.999999747378752e-06,766,1.369687557220459,0.49111753702163696,
2,767.0,9.999999747378752e-06,767,0.59627366065979,0.3333333432674408,
2,768.0,9.999999747378752e-06,768,1.3786580562591553,0.45110729336738586,
2,769.0,9.999999747378752e-06,769,1.6219512224197388,0.6228070259094238,
2,770.0,9.999999747378752e-06,770,0.9185658693313599,0.5582352876663208,
2,771.0,9.999999747378752e-06,771,1.2300257682800293,0.3650793731212616,
2,772.0,9.999999747378752e-06,772,1.4337091445922852,0.43654337525367737,
2,773.0,9.999999747378752e-06,773,1.467593789100647,0.5526961088180542,
2,774.0,9.999999747378752e-06,774,1.2133406400680542,0.6170212626457214,
2,775.0,9.999999747378752e-06,775,1.2745827436447144,0.5154291391372681,
2,776.0,9.999999747378752e-06,776,0.795846164226532,0.3334556221961975,
2,777.0,9.999999747378752e-06,777,2.197704553604126,0.7265217304229736,
2,778.0,9.999999747378752e-06,778,1.078163981437683,0.6150000095367432,
2,779.0,9.999999747378752e-06,779,0.7870323061943054,0.444875568151474,
2,780.0,9.999999747378752e-06,780,1.418365716934204,0.5594362616539001,
2,781.0,9.999999747378752e-06,781,0.6847687363624573,0.32080745697021484,
2,782.0,9.999999747378752e-06,782,0.8740557432174683,0.4156250059604645,
2,783.0,9.999999747378752e-06,783,0.6157242655754089,0.2883738577365875,
2,784.0,9.999999747378752e-06,784,1.924638032913208,0.8135775923728943,
2,785.0,9.999999747378752e-06,785,1.4454258680343628,0.4904792308807373,
2,786.0,9.999999747378752e-06,786,0.6922276616096497,0.32999998331069946,
2,787.0,9.999999747378752e-06,787,1.3699162006378174,0.47427719831466675,
2,788.0,9.999999747378752e-06,788,1.3811520338058472,0.44545453786849976,
2,789.0,9.999999747378752e-06,789,1.0157437324523926,0.36208420991897583,
2,790.0,9.999999747378752e-06,790,0.8000839352607727,0.3333333432674408,
2,791.0,9.999999747378752e-06,791,0.9805603623390198,0.3763118386268616,
2,792.0,9.999999747378752e-06,792,1.6732267141342163,0.5066176652908325,
2,793.0,9.999999747378752e-06,793,0.8193221092224121,0.3818027377128601,
2,794.0,9.999999747378752e-06,794,1.2532967329025269,0.47048068046569824,
2,795.0,9.999999747378752e-06,795,1.2073959112167358,0.4340866208076477,
2,796.0,9.999999747378752e-06,796,0.9143922924995422,0.4124579131603241,
2,797.0,9.999999747378752e-06,797,0.7296810150146484,0.22857142984867096,
2,798.0,9.999999747378752e-06,798,0.5200108885765076,0.163129985332489,
2,799.0,9.999999747378752e-06,799,0.8512516021728516,0.38053759932518005,
2,800.0,,799,,,0.2722863256931305
2,800.0,9.999999747378752e-06,800,0.7323774099349976,0.27796053886413574,
2,801.0,9.999999747378752e-06,801,1.4805481433868408,0.568965494632721,
2,802.0,9.999999747378752e-06,802,0.7529956102371216,0.29517045617103577,
2,803.0,9.999999747378752e-06,803,0.9627841711044312,0.3666044771671295,
2,804.0,9.999999747378752e-06,804,0.661809504032135,0.22649812698364258,
2,805.0,9.999999747378752e-06,805,1.036806344985962,0.4237891733646393,
2,806.0,9.999999747378752e-06,806,1.8431620597839355,0.4803921580314636,
2,807.0,9.999999747378752e-06,807,1.011699914932251,0.49684208631515503,
2,808.0,9.999999747378752e-06,808,1.0749592781066895,0.4937629997730255,
2,809.0,9.999999747378752e-06,809,1.5400917530059814,0.5782828330993652,
2,810.0,9.999999747378752e-06,810,1.1724759340286255,0.48511165380477905,
2,811.0,9.999999747378752e-06,811,1.5429651737213135,0.6254480481147766,
2,812.0,9.999999747378752e-06,812,1.194734811782837,0.3975563943386078,
2,813.0,9.999999747378752e-06,813,1.489251971244812,0.6062607169151306,
2,814.0,9.999999747378752e-06,814,1.809705138206482,0.7490310072898865,
2,815.0,9.999999747378752e-06,815,0.898224413394928,0.5075047016143799,
2,816.0,9.999999747378752e-06,816,1.4796704053878784,0.6408281326293945,
2,817.0,9.999999747378752e-06,817,1.3023641109466553,0.4513888955116272,
2,818.0,9.999999747378752e-06,818,1.5741726160049438,0.5707364082336426,
2,819.0,9.999999747378752e-06,819,0.7368673086166382,0.3435518145561218,
2,820.0,9.999999747378752e-06,820,1.1841375827789307,0.5112782120704651,
2,821.0,9.999999747378752e-06,821,0.8877093195915222,0.4997784495353699,
2,822.0,9.999999747378752e-06,822,0.9412516355514526,0.3453997075557709,
2,823.0,9.999999747378752e-06,823,1.741806149482727,0.6273384094238281,
2,824.0,9.999999747378752e-06,824,1.0819064378738403,0.545976996421814,
2,825.0,9.999999747378752e-06,825,0.8474875688552856,0.3501552939414978,
2,826.0,9.999999747378752e-06,826,1.8859210014343262,0.510869562625885,
2,827.0,9.999999747378752e-06,827,1.1355576515197754,0.4166666865348816,
2,828.0,9.999999747378752e-06,828,0.8950212001800537,0.3583916127681732,
2,829.0,9.999999747378752e-06,829,1.080203652381897,0.46078431606292725,
2,830.0,9.999999747378752e-06,830,1.6252249479293823,0.5657894611358643,
2,831.0,9.999999747378752e-06,831,1.195061206817627,0.4791666567325592,
2,832.0,9.999999747378752e-06,832,0.7598589658737183,0.33103448152542114,
2,833.0,9.999999747378752e-06,833,1.0523964166641235,0.6129807829856873,
2,834.0,9.999999747378752e-06,834,1.0445162057876587,0.3861788511276245,
2,835.0,9.999999747378752e-06,835,1.1869899034500122,0.39663460850715637,
2,836.0,9.999999747378752e-06,836,0.851866602897644,0.4647509455680847,
2,837.0,9.999999747378752e-06,837,0.6919236183166504,0.3501984179019928,
2,838.0,9.999999747378752e-06,838,1.2036542892456055,0.5264925360679626,
2,839.0,9.999999747378752e-06,839,0.9559345841407776,0.4615384638309479,
2,840.0,9.999999747378752e-06,840,0.9236535429954529,0.463994562625885,
2,841.0,9.999999747378752e-06,841,1.3501538038253784,0.49611109495162964,
2,842.0,9.999999747378752e-06,842,1.6638896465301514,0.49241378903388977,
2,843.0,9.999999747378752e-06,843,1.3582221269607544,0.4156250059604645,
2,844.0,9.999999747378752e-06,844,1.4710919857025146,0.4866071343421936,
2,845.0,9.999999747378752e-06,845,1.0828522443771362,0.36506158113479614,
2,846.0,9.999999747378752e-06,846,0.8933917880058289,0.2871621549129486,
2,847.0,9.999999747378752e-06,847,0.8561598658561707,0.5428571701049805,
2,848.0,9.999999747378752e-06,848,2.5753159523010254,0.7001811265945435,
2,849.0,9.999999747378752e-06,849,0.7864366769790649,0.37246620655059814,
2,850.0,,849,,,0.27076080441474915
2,850.0,9.999999747378752e-06,850,0.5471093058586121,0.42551133036613464,
2,851.0,9.999999747378752e-06,851,1.2177491188049316,0.44736844301223755,
2,852.0,9.999999747378752e-06,852,1.3811057806015015,0.6631355881690979,
2,853.0,9.999999747378752e-06,853,1.0398099422454834,0.35008955001831055,
2,854.0,9.999999747378752e-06,854,1.1688724756240845,0.47909408807754517,
2,855.0,9.999999747378752e-06,855,0.4338926672935486,0.22240567207336426,
2,856.0,9.999999747378752e-06,856,1.1735564470291138,0.44871795177459717,
2,857.0,9.999999747378752e-06,857,0.7989848256111145,0.37051284313201904,
2,858.0,9.999999747378752e-06,858,0.5855194330215454,0.24133993685245514,
2,859.0,9.999999747378752e-06,859,1.4332834482192993,0.6660922765731812,
2,860.0,9.999999747378752e-06,860,2.0049638748168945,0.5606294870376587,
2,861.0,9.999999747378752e-06,861,1.03907310962677,0.3407859206199646,
2,862.0,9.999999747378752e-06,862,0.8483873009681702,0.3803258240222931,
2,863.0,9.999999747378752e-06,863,0.837870717048645,0.29231974482536316,
2,864.0,9.999999747378752e-06,864,0.6066849827766418,0.2811848223209381,
2,865.0,9.999999747378752e-06,865,1.2079143524169922,0.4909404516220093,
2,866.0,9.999999747378752e-06,866,0.7734162211418152,0.393495112657547,
2,867.0,9.999999747378752e-06,867,0.9798645973205566,0.2923189699649811,
2,868.0,9.999999747378752e-06,868,1.742788314819336,0.706105649471283,
2,869.0,9.999999747378752e-06,869,1.454988956451416,0.4835668206214905,
2,870.0,9.999999747378752e-06,870,0.9542830586433411,0.41234755516052246,
2,871.0,9.999999747378752e-06,871,1.1357252597808838,0.35490497946739197,
2,872.0,9.999999747378752e-06,872,1.1759412288665771,0.48048245906829834,
2,873.0,9.999999747378752e-06,873,1.2933074235916138,0.5833333730697632,
2,874.0,9.999999747378752e-06,874,0.6597025990486145,0.25,
2,875.0,9.999999747378752e-06,875,0.818736732006073,0.3112648129463196,
2,876.0,9.999999747378752e-06,876,0.5425267815589905,0.32608696818351746,
2,877.0,9.999999747378752e-06,877,0.6635712385177612,0.24375000596046448,
2,878.0,9.999999747378752e-06,878,1.2383086681365967,0.4213210344314575,
2,879.0,9.999999747378752e-06,879,1.0573729276657104,0.3867521286010742,
2,880.0,9.999999747378752e-06,880,0.9395084977149963,0.4380952715873718,
2,881.0,9.999999747378752e-06,881,0.9956942200660706,0.3164893686771393,
2,882.0,9.999999747378752e-06,882,0.7102732062339783,0.29086756706237793,
2,883.0,9.999999747378752e-06,883,1.0321508646011353,0.3544721305370331,
2,884.0,9.999999747378752e-06,884,0.5390819311141968,0.21848741173744202,
2,885.0,9.999999747378752e-06,885,1.158461332321167,0.4466230869293213,
2,886.0,9.999999747378752e-06,886,1.2825051546096802,0.5706740617752075,
2,887.0,9.999999747378752e-06,887,1.6627366542816162,0.630382776260376,
2,888.0,9.999999747378752e-06,888,0.9596278667449951,0.3423188328742981,
2,889.0,9.999999747378752e-06,889,1.6633809804916382,0.6184333562850952,
2,890.0,9.999999747378752e-06,890,1.3253190517425537,0.48968255519866943,
2,891.0,9.999999747378752e-06,891,1.0196975469589233,0.43522173166275024,
2,892.0,9.999999747378752e-06,892,0.7627026438713074,0.342414528131485,
2,893.0,9.999999747378752e-06,893,1.373388409614563,0.6400797367095947,
2,894.0,9.999999747378752e-06,894,0.9977972507476807,0.48172903060913086,
2,895.0,9.999999747378752e-06,895,1.3974660634994507,0.6410256624221802,
2,896.0,9.999999747378752e-06,896,1.265771746635437,0.4787018299102783,
2,897.0,9.999999747378752e-06,897,1.3964107036590576,0.6361502408981323,
2,898.0,9.999999747378752e-06,898,1.0303981304168701,0.321153849363327,
2,899.0,9.999999747378752e-06,899,1.1159478425979614,0.42777779698371887,
2,900.0,,899,,,0.27365538477897644
2,900.0,9.999999747378752e-06,900,0.8638349771499634,0.5375458002090454,
2,901.0,9.999999747378752e-06,901,2.138490915298462,0.5323238372802734,
2,902.0,9.999999747378752e-06,902,1.374429702758789,0.5442867279052734,
2,903.0,9.999999747378752e-06,903,1.132494330406189,0.5258835554122925,
2,904.0,9.999999747378752e-06,904,1.2883129119873047,0.49136215448379517,
2,905.0,9.999999747378752e-06,905,0.8954809308052063,0.43391188979148865,
2,906.0,9.999999747378752e-06,906,0.6586043834686279,0.30320513248443604,
2,907.0,9.999999747378752e-06,907,1.3292689323425293,0.4532258212566376,
2,908.0,9.999999747378752e-06,908,0.7476665377616882,0.31292515993118286,
2,909.0,9.999999747378752e-06,909,1.3876681327819824,0.613095223903656,
2,910.0,9.999999747378752e-06,910,0.8664562106132507,0.3910602033138275,
2,911.0,9.999999747378752e-06,911,1.4279059171676636,0.38181817531585693,
2,912.0,9.999999747378752e-06,912,1.013440489768982,0.47058823704719543,
2,913.0,9.999999747378752e-06,913,0.7833408713340759,0.457317054271698,
2,914.0,9.999999747378752e-06,914,1.1721420288085938,0.45091575384140015,
2,915.0,9.999999747378752e-06,915,0.8188253045082092,0.3730769157409668,
2,916.0,9.999999747378752e-06,916,1.1793756484985352,0.45753589272499084,
2,917.0,9.999999747378752e-06,917,1.1497942209243774,0.24621212482452393,
2,918.0,9.999999747378752e-06,918,1.6121677160263062,0.4812222719192505,
2,919.0,9.999999747378752e-06,919,0.9302271604537964,0.38008660078048706,
2,920.0,9.999999747378752e-06,920,1.5138444900512695,0.49835526943206787,
2,921.0,9.999999747378752e-06,921,1.1151291131973267,0.5687960386276245,
2,922.0,9.999999747378752e-06,922,1.00822913646698,0.48984694480895996,
2,923.0,9.999999747378752e-06,923,1.4856988191604614,0.5689393877983093,
2,924.0,9.999999747378752e-06,924,0.9068918228149414,0.41217389702796936,
2,925.0,9.999999747378752e-06,925,0.8892526030540466,0.3590909242630005,
2,926.0,9.999999747378752e-06,926,1.113635778427124,0.38056135177612305,
2,927.0,9.999999747378752e-06,927,0.645336389541626,0.3410256505012512,
2,928.0,9.999999747378752e-06,928,1.321539044380188,0.3484320640563965,
2,929.0,9.999999747378752e-06,929,0.9496632814407349,0.35425490140914917,
2,930.0,9.999999747378752e-06,930,1.4744218587875366,0.5037023425102234,
2,931.0,9.999999747378752e-06,931,0.7989620566368103,0.42543861269950867,
2,932.0,9.999999747378752e-06,932,1.6875156164169312,0.6146245002746582,
2,933.0,9.999999747378752e-06,933,0.6049554944038391,0.33829787373542786,
2,934.0,9.999999747378752e-06,934,2.3368852138519287,0.6764957308769226,
2,935.0,9.999999747378752e-06,935,0.966809868812561,0.37547892332077026,
2,936.0,9.999999747378752e-06,936,1.1251802444458008,0.5114468932151794,
2,937.0,9.999999747378752e-06,937,1.0455422401428223,0.4285714328289032,
2,938.0,9.999999747378752e-06,938,1.283726453781128,0.4096185564994812,
2,939.0,9.999999747378752e-06,939,1.327100396156311,0.4644230604171753,
2,940.0,9.999999747378752e-06,940,1.2896181344985962,0.6165413856506348,
2,941.0,9.999999747378752e-06,941,1.2689424753189087,0.445175439119339,
2,942.0,9.999999747378752e-06,942,0.9682714343070984,0.341016560792923,
2,943.0,9.999999747378752e-06,943,1.2659317255020142,0.4257575571537018,
2,944.0,9.999999747378752e-06,944,0.9449766874313354,0.32956260442733765,
2,945.0,9.999999747378752e-06,945,0.8844351768493652,0.3417452573776245,
2,946.0,9.999999747378752e-06,946,0.7283098101615906,0.5625,
2,947.0,9.999999747378752e-06,947,1.086614966392517,0.4108695685863495,
2,948.0,9.999999747378752e-06,948,0.9332989454269409,0.5904762148857117,
2,949.0,9.999999747378752e-06,949,1.314969778060913,0.4642857313156128,
2,950.0,,949,,,0.2913358211517334
2,950.0,9.999999747378752e-06,950,1.4150692224502563,0.44736844301223755,
2,951.0,9.999999747378752e-06,951,0.9968000054359436,0.4314664602279663,
2,952.0,9.999999747378752e-06,952,1.2458168268203735,0.5173041820526123,
2,953.0,9.999999747378752e-06,953,1.1242190599441528,0.39234450459480286,
2,954.0,9.999999747378752e-06,954,0.5745025873184204,0.31534090638160706,
2,955.0,9.999999747378752e-06,955,1.0343729257583618,0.4094736874103546,
2,956.0,9.999999747378752e-06,956,1.361127257347107,0.4647058844566345,
2,957.0,9.999999747378752e-06,957,1.078637957572937,0.36839431524276733,
2,958.0,9.999999747378752e-06,958,1.0944335460662842,0.40441176295280457,
2,959.0,9.999999747378752e-06,959,0.8304958939552307,0.3174999952316284,
2,960.0,9.999999747378752e-06,960,0.6859922409057617,0.345567524433136,
2,961.0,9.999999747378752e-06,961,0.4632776975631714,0.18192830681800842,
2,962.0,9.999999747378752e-06,962,0.7942860126495361,0.5669906139373779,
2,963.0,9.999999747378752e-06,963,1.3525062799453735,0.5586510300636292,
2,964.0,9.999999747378752e-06,964,0.860850989818573,0.363095223903656,
2,965.0,9.999999747378752e-06,965,1.5846644639968872,0.5454545617103577,
2,966.0,9.999999747378752e-06,966,1.0310012102127075,0.37755101919174194,
2,967.0,9.999999747378752e-06,967,1.3491904735565186,0.49000000953674316,
2,968.0,9.999999747378752e-06,968,1.4049049615859985,0.4291498064994812,
2,969.0,9.999999747378752e-06,969,1.1935786008834839,0.35767412185668945,
2,970.0,9.999999747378752e-06,970,1.2651166915893555,0.5099935531616211,
2,971.0,9.999999747378752e-06,971,1.0064284801483154,0.4429347813129425,
2,972.0,9.999999747378752e-06,972,0.7976932525634766,0.2982162833213806,
2,973.0,9.999999747378752e-06,973,0.7492095828056335,0.4368070960044861,
2,974.0,9.999999747378752e-06,974,1.0929490327835083,0.4843630790710449,
2,975.0,9.999999747378752e-06,975,1.4902585744857788,0.6036324501037598,
2,976.0,9.999999747378752e-06,976,0.8704462051391602,0.35149314999580383,
2,977.0,9.999999747378752e-06,977,0.8204178214073181,0.30877193808555603,
2,978.0,9.999999747378752e-06,978,1.5120453834533691,0.6735197305679321,
2,979.0,9.999999747378752e-06,979,1.9126793146133423,0.5790441036224365,
2,980.0,9.999999747378752e-06,980,0.9565935730934143,0.4642549753189087,
2,981.0,9.999999747378752e-06,981,1.8254951238632202,0.5384615659713745,
2,982.0,9.999999747378752e-06,982,1.041326880455017,0.3914036750793457,
2,983.0,9.999999747378752e-06,983,1.1524320840835571,0.46759259700775146,
2,984.0,9.999999747378752e-06,984,1.3805912733078003,0.5848214626312256,
2,985.0,9.999999747378752e-06,985,0.8440754413604736,0.3513323962688446,
2,986.0,9.999999747378752e-06,986,1.4782780408859253,0.498737096786499,
2,987.0,9.999999747378752e-06,987,0.9920456409454346,0.3519861102104187,
2,988.0,9.999999747378752e-06,988,0.799942672252655,0.4287280738353729,
2,989.0,9.999999747378752e-06,989,0.8225898742675781,0.3005518317222595,
2,990.0,9.999999747378752e-06,990,0.6258599758148193,0.2511337995529175,
2,991.0,9.999999747378752e-06,991,0.9885892271995544,0.40669316053390503,
2,992.0,9.999999747378752e-06,992,0.5210579633712769,0.3191850483417511,
2,993.0,9.999999747378752e-06,993,1.0819724798202515,0.4217687249183655,
2,994.0,9.999999747378752e-06,994,0.9083614945411682,0.38333332538604736,
2,995.0,9.999999747378752e-06,995,1.2133897542953491,0.42126622796058655,
2,996.0,9.999999747378752e-06,996,1.0866668224334717,0.32954543828964233,
2,997.0,9.999999747378752e-06,997,0.8109302520751953,0.42058825492858887,
2,998.0,9.999999747378752e-06,998,1.3484658002853394,0.5675105452537537,
2,999.0,9.999999747378752e-06,999,0.7023141980171204,0.3221629858016968,
2,1000.0,,999,,,0.2760414481163025
2,1000.0,9.999999747378752e-06,1000,1.2709356546401978,0.5265151262283325,
2,1001.0,9.999999747378752e-06,1001,1.2274779081344604,0.43911290168762207,
2,1002.0,9.999999747378752e-06,1002,1.4867041110992432,0.4694519639015198,
2,1003.0,9.999999747378752e-06,1003,0.4534912109375,0.3333333432674408,
2,1004.0,9.999999747378752e-06,1004,0.7232633829116821,0.3012121319770813,
2,1005.0,9.999999747378752e-06,1005,1.8329097032546997,0.587276816368103,
2,1006.0,9.999999747378752e-06,1006,2.0095674991607666,0.6204545497894287,
2,1007.0,9.999999747378752e-06,1007,1.2698578834533691,0.6661451458930969,
2,1008.0,9.999999747378752e-06,1008,0.5095228552818298,0.24957320094108582,
2,1009.0,9.999999747378752e-06,1009,0.991210401058197,0.4424242377281189,
2,1010.0,9.999999747378752e-06,1010,0.8171125054359436,0.3575604557991028,
2,1011.0,9.999999747378752e-06,1011,1.8840630054473877,0.549382746219635,
2,1012.0,9.999999747378752e-06,1012,1.157357096672058,0.4745614230632782,
2,1013.0,9.999999747378752e-06,1013,1.44895339012146,0.6493213176727295,
2,1014.0,9.999999747378752e-06,1014,0.8826863765716553,0.2924107313156128,
2,1015.0,9.999999747378752e-06,1015,1.5268518924713135,0.4580269753932953,
2,1016.0,9.999999747378752e-06,1016,1.3610284328460693,0.5670488476753235,
2,1017.0,9.999999747378752e-06,1017,0.9733537435531616,0.36746034026145935,
2,1018.0,9.999999747378752e-06,1018,1.2101545333862305,0.4806201457977295,
2,1019.0,9.999999747378752e-06,1019,0.8959562182426453,0.3313492238521576,
2,1020.0,9.999999747378752e-06,1020,1.0895099639892578,0.3125,
2,1021.0,9.999999747378752e-06,1021,0.7279524803161621,0.2695970833301544,
2,1022.0,9.999999747378752e-06,1022,0.7139509320259094,0.24962294101715088,
2,1023.0,9.999999747378752e-06,1023,1.1560657024383545,0.41151899099349976,
2,1024.0,9.999999747378752e-06,1024,0.9550858736038208,0.45436108112335205,
2,1025.0,9.999999747378752e-06,1025,0.7566125392913818,0.3971198797225952,
2,1026.0,9.999999747378752e-06,1026,1.5855733156204224,0.6000000238418579,
2,1027.0,9.999999747378752e-06,1027,0.6858975887298584,0.37857145071029663,
2,1028.0,9.999999747378752e-06,1028,0.9156749844551086,0.3382352888584137,
3,1029.0,9.999999747378752e-06,1029,0.7789381146430969,0.38597971200942993,
3,1030.0,9.999999747378752e-06,1030,1.1610335111618042,0.4792671203613281,
3,1031.0,9.999999747378752e-06,1031,0.6546893119812012,0.40105029940605164,
3,1032.0,9.999999747378752e-06,1032,1.7259355783462524,0.7165957689285278,
3,1033.0,9.999999747378752e-06,1033,0.9342586398124695,0.46659573912620544,
3,1034.0,9.999999747378752e-06,1034,1.774742841720581,0.5872054100036621,
3,1035.0,9.999999747378752e-06,1035,1.7865961790084839,0.6990950107574463,
3,1036.0,9.999999747378752e-06,1036,1.8185746669769287,0.6032320857048035,
3,1037.0,9.999999747378752e-06,1037,1.1957663297653198,0.42465752363204956,
3,1038.0,9.999999747378752e-06,1038,0.6062081456184387,0.30714285373687744,
3,1039.0,9.999999747378752e-06,1039,0.4083150029182434,0.14550265669822693,
3,1040.0,9.999999747378752e-06,1040,1.0066672563552856,0.46568626165390015,
3,1041.0,9.999999747378752e-06,1041,1.7751929759979248,0.6363158226013184,
3,1042.0,9.999999747378752e-06,1042,1.5021321773529053,0.6396011114120483,
3,1043.0,9.999999747378752e-06,1043,1.6720470190048218,0.4479166865348816,
3,1044.0,9.999999747378752e-06,1044,0.6821240782737732,0.3219241499900818,
3,1045.0,9.999999747378752e-06,1045,1.5152010917663574,0.4784552752971649,
3,1046.0,9.999999747378752e-06,1046,0.8509510159492493,0.3759689927101135,
3,1047.0,9.999999747378752e-06,1047,1.1709811687469482,0.5394243001937866,
3,1048.0,9.999999747378752e-06,1048,1.4080108404159546,0.5150684714317322,
3,1049.0,9.999999747378752e-06,1049,1.0781937837600708,0.3313840329647064,
3,1050.0,,1049,,,0.2683747410774231
3,1050.0,9.999999747378752e-06,1050,1.0173087120056152,0.28951114416122437,
3,1051.0,9.999999747378752e-06,1051,1.0964018106460571,0.40238094329833984,
3,1052.0,9.999999747378752e-06,1052,0.9413071274757385,0.37641510367393494,
3,1053.0,9.999999747378752e-06,1053,0.6198573112487793,0.19930070638656616,
3,1054.0,9.999999747378752e-06,1054,0.7342967391014099,0.29821428656578064,
3,1055.0,9.999999747378752e-06,1055,1.2801556587219238,0.4575289487838745,
3,1056.0,9.999999747378752e-06,1056,0.8470592498779297,0.42674729228019714,
3,1057.0,9.999999747378752e-06,1057,0.9144812822341919,0.35585588216781616,
3,1058.0,9.999999747378752e-06,1058,1.1452291011810303,0.5263605117797852,
3,1059.0,9.999999747378752e-06,1059,0.8044851422309875,0.30744415521621704,
3,1060.0,9.999999747378752e-06,1060,1.1026512384414673,0.4975619614124298,
3,1061.0,9.999999747378752e-06,1061,1.2268829345703125,0.4441176652908325,
3,1062.0,9.999999747378752e-06,1062,1.6384539604187012,0.6770186424255371,
3,1063.0,9.999999747378752e-06,1063,1.2730107307434082,0.5966911911964417,
3,1064.0,9.999999747378752e-06,1064,0.7434712648391724,0.3229249119758606,
3,1065.0,9.999999747378752e-06,1065,1.345900058746338,0.5201923251152039,
3,1066.0,9.999999747378752e-06,1066,1.0609203577041626,0.47516027092933655,
3,1067.0,9.999999747378752e-06,1067,1.3914498090744019,0.49627330899238586,
3,1068.0,9.999999747378752e-06,1068,0.9443869590759277,0.3692307770252228,
3,1069.0,9.999999747378752e-06,1069,0.944775402545929,0.43191924691200256,
3,1070.0,9.999999747378752e-06,1070,1.0633952617645264,0.3713858425617218,
3,1071.0,9.999999747378752e-06,1071,1.1952720880508423,0.43317973613739014,
3,1072.0,9.999999747378752e-06,1072,1.3207931518554688,0.4948979616165161,
3,1073.0,9.999999747378752e-06,1073,0.8713198900222778,0.43119359016418457,
3,1074.0,9.999999747378752e-06,1074,0.5985879302024841,0.3364272713661194,
3,1075.0,9.999999747378752e-06,1075,1.26683509349823,0.6676587462425232,
3,1076.0,9.999999747378752e-06,1076,1.2522913217544556,0.484375,
3,1077.0,9.999999747378752e-06,1077,0.486564576625824,0.15716783702373505,
3,1078.0,9.999999747378752e-06,1078,1.285850167274475,0.33043479919433594,
3,1079.0,9.999999747378752e-06,1079,1.2607479095458984,0.42603129148483276,
3,1080.0,9.999999747378752e-06,1080,1.090968132019043,0.49047619104385376,
3,1081.0,9.999999747378752e-06,1081,1.1499055624008179,0.43132954835891724,
3,1082.0,9.999999747378752e-06,1082,0.9964488744735718,0.39334404468536377,
3,1083.0,9.999999747378752e-06,1083,0.9160112738609314,0.36302682757377625,
3,1084.0,9.999999747378752e-06,1084,1.361109733581543,0.42076167464256287,
3,1085.0,9.999999747378752e-06,1085,1.1052439212799072,0.4313725531101227,
3,1086.0,9.999999747378752e-06,1086,1.832143783569336,0.549685537815094,
3,1087.0,9.999999747378752e-06,1087,1.581457257270813,0.6298490166664124,
3,1088.0,9.999999747378752e-06,1088,0.9215646982192993,0.3713534474372864,
3,1089.0,9.999999747378752e-06,1089,1.7176439762115479,0.8412232398986816,
3,1090.0,9.999999747378752e-06,1090,1.7651867866516113,0.6559523940086365,
3,1091.0,9.999999747378752e-06,1091,1.4135781526565552,0.46875,
3,1092.0,9.999999747378752e-06,1092,1.0699353218078613,0.4886001944541931,
3,1093.0,9.999999747378752e-06,1093,0.9371296763420105,0.2718642055988312,
3,1094.0,9.999999747378752e-06,1094,0.8558661341667175,0.3888198733329773,
3,1095.0,9.999999747378752e-06,1095,0.8990916609764099,0.34893617033958435,
3,1096.0,9.999999747378752e-06,1096,1.097031831741333,0.44959312677383423,
3,1097.0,9.999999747378752e-06,1097,1.362115740776062,0.42636746168136597,
3,1098.0,9.999999747378752e-06,1098,0.8205668926239014,0.4274509847164154,
3,1099.0,9.999999747378752e-06,1099,0.8386030197143555,0.31931817531585693,
3,1100.0,,1099,,,0.2684529721736908
3,1100.0,9.999999747378752e-06,1100,1.3159031867980957,0.5614285469055176,
3,1101.0,9.999999747378752e-06,1101,0.742624044418335,0.31011903285980225,
3,1102.0,9.999999747378752e-06,1102,0.9601665139198303,0.4967532455921173,
3,1103.0,9.999999747378752e-06,1103,0.6109798550605774,0.297668993473053,
3,1104.0,9.999999747378752e-06,1104,1.2654708623886108,0.5121294260025024,
3,1105.0,9.999999747378752e-06,1105,1.0495069026947021,0.38115763664245605,
3,1106.0,9.999999747378752e-06,1106,0.8635016679763794,0.3395034968852997,
3,1107.0,9.999999747378752e-06,1107,0.8491362929344177,0.37289562821388245,
3,1108.0,9.999999747378752e-06,1108,1.2522186040878296,0.5328947305679321,
3,1109.0,9.999999747378752e-06,1109,0.7026454210281372,0.3527659773826599,
3,1110.0,9.999999747378752e-06,1110,1.0910308361053467,0.5270398855209351,
3,1111.0,9.999999747378752e-06,1111,1.1844398975372314,0.3672727346420288,
3,1112.0,9.999999747378752e-06,1112,0.5817357301712036,0.23727983236312866,
3,1113.0,9.999999747378752e-06,1113,0.7255109548568726,0.3690476417541504,
3,1114.0,9.999999747378752e-06,1114,1.392406702041626,0.5587284564971924,
3,1115.0,9.999999747378752e-06,1115,0.5724973678588867,0.25874125957489014,
3,1116.0,9.999999747378752e-06,1116,1.1797469854354858,0.324534147977829,
3,1117.0,9.999999747378752e-06,1117,0.9939311742782593,0.3256259262561798,
3,1118.0,9.999999747378752e-06,1118,0.5085445046424866,0.2750000059604645,
3,1119.0,9.999999747378752e-06,1119,1.4699290990829468,0.5594406127929688,
3,1120.0,9.999999747378752e-06,1120,0.7186181545257568,0.24238094687461853,
3,1121.0,9.999999747378752e-06,1121,1.094681739807129,0.41787439584732056,
3,1122.0,9.999999747378752e-06,1122,1.084729552268982,0.4727272391319275,
3,1123.0,9.999999747378752e-06,1123,1.0703591108322144,0.41607141494750977,
3,1124.0,9.999999747378752e-06,1124,0.8831785321235657,0.44784480333328247,
3,1125.0,9.999999747378752e-06,1125,0.9966793656349182,0.5430402755737305,
3,1126.0,9.999999747378752e-06,1126,0.8690746426582336,0.3843514025211334,
3,1127.0,9.999999747378752e-06,1127,0.9361786842346191,0.45179450511932373,
3,1128.0,9.999999747378752e-06,1128,0.8375628590583801,0.5371148586273193,
3,1129.0,9.999999747378752e-06,1129,0.7452208399772644,0.35513079166412354,
3,1130.0,9.999999747378752e-06,1130,1.658558964729309,0.5416666865348816,
3,1131.0,9.999999747378752e-06,1131,1.331415057182312,0.4894406199455261,
3,1132.0,9.999999747378752e-06,1132,2.214489221572876,0.5945512652397156,
3,1133.0,9.999999747378752e-06,1133,1.5207756757736206,0.6852576732635498,
3,1134.0,9.999999747378752e-06,1134,0.9972842931747437,0.5502645373344421,
3,1135.0,9.999999747378752e-06,1135,0.8440274000167847,0.2792207896709442,
3,1136.0,9.999999747378752e-06,1136,1.210968017578125,0.3571428656578064,
3,1137.0,9.999999747378752e-06,1137,1.0398582220077515,0.36677631735801697,
3,1138.0,9.999999747378752e-06,1138,1.4720103740692139,0.4749999940395355,
3,1139.0,9.999999747378752e-06,1139,0.955211341381073,0.384432852268219,
3,1140.0,9.999999747378752e-06,1140,1.4454433917999268,0.45930230617523193,
3,1141.0,9.999999747378752e-06,1141,0.9577127695083618,0.2882953882217407,
3,1142.0,9.999999747378752e-06,1142,1.525023341178894,0.5548712015151978,
3,1143.0,9.999999747378752e-06,1143,1.4259828329086304,0.5404589176177979,
3,1144.0,9.999999747378752e-06,1144,0.8031406998634338,0.3099679946899414,
3,1145.0,9.999999747378752e-06,1145,0.9775169491767883,0.4866666793823242,
3,1146.0,9.999999747378752e-06,1146,1.1736310720443726,0.4298245906829834,
3,1147.0,9.999999747378752e-06,1147,1.8817384243011475,0.7158823013305664,
3,1148.0,9.999999747378752e-06,1148,0.6169726848602295,0.24871796369552612,
3,1149.0,9.999999747378752e-06,1149,0.760450005531311,0.35363635420799255,
3,1150.0,,1149,,,0.26997849345207214
3,1150.0,9.999999747378752e-06,1150,1.3980498313903809,0.4583333432674408,
3,1151.0,9.999999747378752e-06,1151,0.8960700035095215,0.44103312492370605,
3,1152.0,9.999999747378752e-06,1152,0.8768393993377686,0.443452388048172,
3,1153.0,9.999999747378752e-06,1153,1.4763860702514648,0.564479649066925,
3,1154.0,9.999999747378752e-06,1154,1.1273174285888672,0.41838234663009644,
3,1155.0,9.999999747378752e-06,1155,1.0459471940994263,0.48344019055366516,
3,1156.0,9.999999747378752e-06,1156,1.237691879272461,0.3835979104042053,
3,1157.0,9.999999747378752e-06,1157,1.296897530555725,0.5107142925262451,
3,1158.0,9.999999747378752e-06,1158,1.2276214361190796,0.6041666865348816,
3,1159.0,9.999999747378752e-06,1159,0.8695248961448669,0.36692970991134644,
3,1160.0,9.999999747378752e-06,1160,1.6631215810775757,0.6187499761581421,
3,1161.0,9.999999747378752e-06,1161,1.0039817094802856,0.4015567898750305,
3,1162.0,9.999999747378752e-06,1162,1.1348854303359985,0.39170506596565247,
3,1163.0,9.999999747378752e-06,1163,1.7204691171646118,0.7696078419685364,
3,1164.0,9.999999747378752e-06,1164,0.9827898144721985,0.4099099040031433,
3,1165.0,9.999999747378752e-06,1165,1.2244126796722412,0.5435606241226196,
3,1166.0,9.999999747378752e-06,1166,0.9057538509368896,0.42916667461395264,
3,1167.0,9.999999747378752e-06,1167,1.0666747093200684,0.5192307829856873,
3,1168.0,9.999999747378752e-06,1168,1.0170350074768066,0.35185185074806213,
3,1169.0,9.999999747378752e-06,1169,0.8225063681602478,0.370481938123703,
3,1170.0,9.999999747378752e-06,1170,2.220168113708496,0.6222620010375977,
3,1171.0,9.999999747378752e-06,1171,1.2366753816604614,0.4542483687400818,
3,1172.0,9.999999747378752e-06,1172,1.231757640838623,0.48552632331848145,
3,1173.0,9.999999747378752e-06,1173,0.7892661094665527,0.36121323704719543,
3,1174.0,9.999999747378752e-06,1174,1.0881929397583008,0.35357141494750977,
3,1175.0,9.999999747378752e-06,1175,0.9048265814781189,0.36136364936828613,
3,1176.0,9.999999747378752e-06,1176,2.2596940994262695,0.5696429014205933,
3,1177.0,9.999999747378752e-06,1177,0.8753221035003662,0.3795355558395386,
3,1178.0,9.999999747378752e-06,1178,1.1504932641983032,0.363095223903656,
3,1179.0,9.999999747378752e-06,1179,0.8261184096336365,0.45333331823349,
3,1180.0,9.999999747378752e-06,1180,1.2678476572036743,0.4792231321334839,
3,1181.0,9.999999747378752e-06,1181,0.8660580515861511,0.372474730014801,
3,1182.0,9.999999747378752e-06,1182,1.3955305814743042,0.4838888943195343,
3,1183.0,9.999999747378752e-06,1183,0.9554659128189087,0.4318181872367859,
3,1184.0,9.999999747378752e-06,1184,1.0976859331130981,0.40991300344467163,
3,1185.0,9.999999747378752e-06,1185,1.0739084482192993,0.4399999976158142,
3,1186.0,9.999999747378752e-06,1186,1.403429627418518,0.4274425506591797,
3,1187.0,9.999999747378752e-06,1187,0.7671376466751099,0.4229249060153961,
3,1188.0,9.999999747378752e-06,1188,1.796103596687317,0.7439393997192383,
3,1189.0,9.999999747378752e-06,1189,0.8318337202072144,0.3734671175479889,
3,1190.0,9.999999747378752e-06,1190,0.9416058659553528,0.5018315315246582,
3,1191.0,9.999999747378752e-06,1191,1.460490107536316,0.665084719657898,
3,1192.0,9.999999747378752e-06,1192,1.079728603363037,0.4151785671710968,
3,1193.0,9.999999747378752e-06,1193,0.7047626376152039,0.35185185074806213,
3,1194.0,9.999999747378752e-06,1194,0.7581312656402588,0.46656978130340576,
3,1195.0,9.999999747378752e-06,1195,1.5077217817306519,0.567375898361206,
3,1196.0,9.999999747378752e-06,1196,1.1583195924758911,0.3948625922203064,
3,1197.0,9.999999747378752e-06,1197,0.48220834136009216,0.2053571492433548,
3,1198.0,9.999999747378752e-06,1198,1.0005320310592651,0.41515836119651794,
3,1199.0,9.999999747378752e-06,1199,1.461391806602478,0.5791488885879517,
3,1200.0,,1199,,,0.2654019296169281
